table_id,direct_dependency,outer_dependency,outer_transitive_dependency
refs_admin.countries,TRUE,TRUE,FALSE
refs_admin.cpc_history,FALSE,FALSE,TRUE
refs_admin.cpc_to_flags,FALSE,FALSE,TRUE
refs_admin.cpcs,FALSE,FALSE,TRUE
refs_admin.entities,FALSE,FALSE,TRUE
refs_admin.fleet_to_flags_and_fisheries,FALSE,FALSE,TRUE
refs_admin.fleets,FALSE,FALSE,TRUE
refs_admin.ports,TRUE,TRUE,FALSE
refs_admin.species_reporting_requirements,FALSE,FALSE,TRUE
refs_biology.bait_conditions,TRUE,TRUE,FALSE
refs_biology.fates,TRUE,TRUE,FALSE
refs_biology.gear_interactions,TRUE,TRUE,FALSE
refs_biology.handling_methods,TRUE,TRUE,FALSE
refs_biology.incidental_captures_conditions,TRUE,TRUE,FALSE
refs_biology.measurement_tools,TRUE,TRUE,FALSE
refs_biology.measurements,TRUE,TRUE,FALSE
refs_biology.recommended_measurements,FALSE,FALSE,TRUE
refs_biology.sampling_methods_for_catch_estimation,TRUE,TRUE,FALSE
refs_biology.sampling_methods_for_sampling_collections,TRUE,TRUE,FALSE
refs_biology.sampling_protocols,TRUE,TRUE,FALSE
refs_biology.scars,TRUE,TRUE,FALSE
refs_biology.sex,TRUE,TRUE,FALSE
refs_biology.species,TRUE,TRUE,FALSE
refs_biology.species_aggregates,FALSE,FALSE,TRUE
refs_biology.species_categories,FALSE,FALSE,TRUE
refs_biology.species_groups,FALSE,FALSE,TRUE
refs_biology.tag_types,TRUE,TRUE,FALSE
refs_biology.types_of_fate,FALSE,FALSE,TRUE
refs_biology.types_of_measurement,FALSE,FALSE,TRUE
refs_data.logical_responses,TRUE,TRUE,FALSE
refs_fishery.bait_fishing_methods,TRUE,TRUE,FALSE
refs_fishery.branchline_storages,TRUE,TRUE,FALSE
refs_fishery.dehooker_types,TRUE,TRUE,FALSE
refs_fishery.fad_raft_designs,TRUE,TRUE,FALSE
refs_fishery.fad_tail_designs,TRUE,TRUE,FALSE
refs_fishery.fish_preservation_methods,TRUE,TRUE,FALSE
refs_fishery.fish_storage_types,TRUE,TRUE,FALSE
refs_fishery.fisheries,FALSE,FALSE,TRUE
refs_fishery.float_types,TRUE,TRUE,FALSE
refs_fishery.hook_and_terminal_devices,TRUE,TRUE,FALSE
refs_fishery.hull_material_types,TRUE,TRUE,FALSE
refs_fishery.light_colours,TRUE,TRUE,FALSE
refs_fishery.light_types,TRUE,TRUE,FALSE
refs_fishery.line_material_types,TRUE,TRUE,FALSE
refs_fishery.mitigation_devices,TRUE,TRUE,FALSE
refs_fishery.net_colours,TRUE,TRUE,FALSE
refs_fishery.net_conditions,TRUE,TRUE,FALSE
refs_fishery.net_configurations,TRUE,TRUE,FALSE
refs_fishery.net_deploy_depths,TRUE,TRUE,FALSE
refs_fishery.net_setting_strategies,TRUE,TRUE,FALSE
refs_fishery.reasons_days_lost,TRUE,TRUE,FALSE
refs_fishery.school_detection_methods,TRUE,TRUE,FALSE
refs_fishery.school_sighting_cues,TRUE,TRUE,FALSE
refs_fishery.school_type_categories,FALSE,FALSE,TRUE
refs_fishery.sinker_material_types,TRUE,TRUE,FALSE
refs_fishery.surface_fishery_activities,TRUE,TRUE,FALSE
refs_fishery.vessel_types,TRUE,TRUE,FALSE
refs_fishery.waste_categories,TRUE,TRUE,FALSE
refs_fishery.waste_disposal_methods,TRUE,TRUE,FALSE
refs_fishery_config.areas_of_operation,FALSE,FALSE,TRUE
refs_fishery_config.fishery_categories,FALSE,FALSE,TRUE
refs_fishery_config.fishery_purposes,FALSE,FALSE,TRUE
refs_fishery_config.fishery_types,FALSE,FALSE,TRUE
refs_fishery_config.fishing_modes,FALSE,FALSE,TRUE
refs_fishery_config.gear_configurations,FALSE,FALSE,TRUE
refs_fishery_config.gear_fishery_type_to_configuration,FALSE,FALSE,TRUE
refs_fishery_config.gear_fishery_type_to_fishing_mode,FALSE,FALSE,TRUE
refs_fishery_config.gear_groups,FALSE,FALSE,TRUE
refs_fishery_config.gear_to_fishery_type,FALSE,FALSE,TRUE
refs_fishery_config.gear_to_target_species,FALSE,FALSE,TRUE
refs_fishery_config.gears,TRUE,TRUE,FALSE
refs_fishery_config.loa_classes,FALSE,FALSE,TRUE
refs_fishery_config.target_species,FALSE,FALSE,TRUE
refs_gis.area_intersections,FALSE,FALSE,TRUE
refs_gis.area_types,FALSE,FALSE,TRUE
refs_gis.areas,FALSE,FALSE,TRUE
ros_common.additional_details_on_non_target_species,TRUE,FALSE,FALSE
ros_common.biometric_information,TRUE,FALSE,FALSE
ros_common.depredation_details,TRUE,FALSE,FALSE
ros_common.observation_dataset,TRUE,FALSE,FALSE
ros_common.trip,TRUE,FALSE,FALSE
ros_common.trip_daily_activities,TRUE,FALSE,FALSE
ros_common.trip_daily_activity_details,TRUE,FALSE,FALSE
ros_common.trip_observer,TRUE,FALSE,FALSE
ros_common.trip_reasons_for_days_lost,TRUE,FALSE,FALSE
ros_common.trip_vessel,TRUE,FALSE,FALSE
ros_common.trip_vessel_fish_preservation_method,TRUE,FALSE,FALSE
ros_common.trip_vessel_fish_storage_type,TRUE,FALSE,FALSE
ros_common.trip_vessel_main_engines,TRUE,FALSE,FALSE
ros_common.trip_waste_managements,TRUE,FALSE,FALSE
ros_gn.additional_catch_details_on_ssi,TRUE,FALSE,FALSE
ros_gn.catch_details,TRUE,FALSE,FALSE
ros_gn.fishing_events,TRUE,FALSE,FALSE
ros_gn.gear_specifications,TRUE,FALSE,FALSE
ros_gn.gillnet_configuration,TRUE,FALSE,FALSE
ros_gn.gillnet_configuration_net_web_colours,TRUE,FALSE,FALSE
ros_gn.gillnet_configuration_stretched_mesh_sizes,TRUE,FALSE,FALSE
ros_gn.hauling_operations,TRUE,FALSE,FALSE
ros_gn.mitigation_measures,TRUE,FALSE,FALSE
ros_gn.mitigation_measures_mitigation_devices,TRUE,FALSE,FALSE
ros_gn.setting_operations,TRUE,FALSE,FALSE
ros_gn.sinkers_by_type,TRUE,FALSE,FALSE
ros_gn.specimens,TRUE,FALSE,FALSE
ros_gn.tag_details,TRUE,FALSE,FALSE
ros_ll.additional_catch_details_on_ssi,TRUE,FALSE,FALSE
ros_ll.baits_by_conditions,TRUE,FALSE,FALSE
ros_ll.biteoffs_by_branchlines_set,TRUE,FALSE,FALSE
ros_ll.branchline_configurations,TRUE,FALSE,FALSE
ros_ll.branchline_configurations_storage,TRUE,FALSE,FALSE
ros_ll.branchline_sections,TRUE,FALSE,FALSE
ros_ll.branchlines_set,TRUE,FALSE,FALSE
ros_ll.catch_details,TRUE,FALSE,FALSE
ros_ll.fishing_events,TRUE,FALSE,FALSE
ros_ll.floatlines,TRUE,FALSE,FALSE
ros_ll.gear_specifications,TRUE,FALSE,FALSE
ros_ll.gear_specifications_mitigation_device,TRUE,FALSE,FALSE
ros_ll.hauling_offal_disposal_positions,TRUE,FALSE,FALSE
ros_ll.hauling_operations,TRUE,FALSE,FALSE
ros_ll.hooks_by_type,TRUE,FALSE,FALSE
ros_ll.leader_set,TRUE,FALSE,FALSE
ros_ll.lights_by_type_and_colour,TRUE,FALSE,FALSE
ros_ll.mitigation_measures,TRUE,FALSE,FALSE
ros_ll.mitigation_measures_mitigation_devices,TRUE,FALSE,FALSE
ros_ll.setting_operations,TRUE,FALSE,FALSE
ros_ll.setting_operations_target_species,TRUE,FALSE,FALSE
ros_ll.specimens,TRUE,FALSE,FALSE
ros_ll.tag_details,TRUE,FALSE,FALSE
ros_ll.tori_line_details,TRUE,FALSE,FALSE
ros_meta.contact,TRUE,FALSE,FALSE
ros_meta.focal_point,TRUE,FALSE,FALSE
ros_meta.observer,TRUE,FALSE,FALSE
ros_meta.observer_accreditation,TRUE,FALSE,FALSE
ros_meta.observer_identifier_mapping,TRUE,FALSE,FALSE
ros_meta.vessel,TRUE,FALSE,FALSE
ros_meta.vessel_licensed_target_species,TRUE,FALSE,FALSE
ros_pl.additional_catch_details_on_ssi,TRUE,FALSE,FALSE
ros_pl.bait_fishing_event_pl_catch_detail,TRUE,FALSE,FALSE
ros_pl.bait_fishing_events,TRUE,FALSE,FALSE
ros_pl.bait_fishing_operations,TRUE,FALSE,FALSE
ros_pl.baits_and_conditions,TRUE,FALSE,FALSE
ros_pl.catch_details,TRUE,FALSE,FALSE
ros_pl.gear_specifications,TRUE,FALSE,FALSE
ros_pl.lures_or_jiggers_by_type,TRUE,FALSE,FALSE
ros_pl.object_details,TRUE,FALSE,FALSE
ros_pl.specimens,TRUE,FALSE,FALSE
ros_pl.tag_details,TRUE,FALSE,FALSE
ros_pl.tuna_fishing_event_pl_catch_detail,TRUE,FALSE,FALSE
ros_pl.tuna_fishing_events,TRUE,FALSE,FALSE
ros_pl.tuna_fishing_operations,TRUE,FALSE,FALSE
ros_pl.tuna_fishing_operations_cl_school_sighting_cues,TRUE,FALSE,FALSE
ros_pl.tuna_fishing_operations_target_species,TRUE,FALSE,FALSE
ros_ps.additional_catch_details_on_ssi,TRUE,FALSE,FALSE
ros_ps.catch_details,TRUE,FALSE,FALSE
ros_ps.cetaceans_whale_shark_sightings,TRUE,FALSE,FALSE
ros_ps.fishing_events,TRUE,FALSE,FALSE
ros_ps.gear_specifications,TRUE,FALSE,FALSE
ros_ps.object_details,TRUE,FALSE,FALSE
ros_ps.setting_operations,TRUE,FALSE,FALSE
ros_ps.setting_operations_cl_school_sighting_cues,TRUE,FALSE,FALSE
ros_ps.specimens,TRUE,FALSE,FALSE
ros_ps.tag_details,TRUE,FALSE,FALSE
