schema,table,foreign_key,columns,target_schema,target_table,target_columns
ros_meta,contact,fk_ros_meta_nationality_code_contact,nationality_code,refs_admin,countries,code
ros_meta,focal_point,fk_ros_meta_contact_id_focal_point,contact_id,ros_meta,contact,id
ros_meta,observer,fk_ros_meta_contact_id_observer,contact_id,ros_meta,contact,id
ros_meta,observer_accreditation,fk_ros_meta_observer_accreditation_accredited,accredited_by,refs_admin,countries,code
ros_meta,observer_accreditation,fk_ros_meta_observer_accreditation_observer_id,observer_id,ros_meta,observer,contact_id
ros_meta,observer_identifier_mapping,fk_ros_meta_observer_identifier_mapping,iotc_observer_identifier,ros_meta,observer,iotc_observer_identifier
ros_meta,vessel,fk_ros_meta_flag_code_vessel,flag_code,refs_admin,countries,code
ros_meta,vessel,fk_ros_meta_main_fishing_gear_code_vessel,main_fishing_gear_code,refs_fishery_config,gears,code
ros_meta,vessel,fk_ros_meta_port_code_vessel,port_code,refs_admin,ports,code
ros_meta,vessel_licensed_target_species,fk_ros_meta_vessel_licensed_target_species_species_code,licensed_target_species_code,refs_biology,species,code
ros_meta,vessel_licensed_target_species,fk_ros_meta_vessel_licensed_target_species_vessel_id,vessel_id,ros_meta,vessel,id
ros_common,additional_details_on_non_target_species,fk_ros_common_condition_at_capture_code_additional_details_on_n,condition_at_capture_code,refs_biology,incidental_captures_conditions,code
ros_common,additional_details_on_non_target_species,fk_ros_common_condition_at_release_code_additional_details_on_n,condition_at_release_code,refs_biology,incidental_captures_conditions,code
ros_common,biometric_information,fk_ros_c_biometric_i_alternative_measured_length_measuring_tool,alternative_measured_length_length_measuring_tool_code|alternative_measured_length_type_of_measurement_code,refs_biology,measurement_tools,code|type_of_measurement_code
ros_common,biometric_information,fk_ros_c_biometric_information_alternative_measured_length_type,alternative_measured_length_measured_length_type_code|alternative_measured_length_type_of_measurement_code,refs_biology,measurements,code|type_of_measurement_code
ros_common,biometric_information,fk_ros_c_biometric_information_measured_length_measuring_tool,measured_length_length_measuring_tool_code|measured_length_type_of_measurement_code,refs_biology,measurement_tools,code|type_of_measurement_code
ros_common,biometric_information,fk_ros_c_biometric_information_measured_length_type,measured_length_measured_length_type_code|measured_length_type_of_measurement_code,refs_biology,measurements,code|type_of_measurement_code
ros_common,biometric_information,fk_ros_common_bio_collection_sampling_method_code_biometric_inf,bio_collection_sampling_method_code,refs_biology,sampling_methods_for_sampling_collections,code
ros_common,biometric_information,fk_ros_common_biometric_information_alternative_measured_length,alternative_measured_length_straight,refs_data,logical_responses,code
ros_common,biometric_information,fk_ros_common_biometric_information_measured_length_straight,measured_length_straight,refs_data,logical_responses,code
ros_common,biometric_information,fk_ros_common_sex_code_biometric_information,sex_code,refs_biology,sex,code
ros_common,depredation_details,fk_ros_common_depredation_source_code_depredation_details,depredation_source_code,refs_biology,scars,code
ros_common,depredation_details,fk_ros_common_predator_observed_code_depredation_details,predator_observed_code,refs_biology,species,code
ros_common,observation_dataset,fk_observer_data_submitter_id,submitter_id,ros_meta,focal_point,contact_id
ros_common,observation_dataset,fk_ros_common_observer_data_reporting_country_code,reporting_country_code,refs_admin,countries,code
ros_common,observation_dataset,fk_ros_common_observer_data_vessel_type_code,vessel_type_code,refs_fishery,vessel_types,code
ros_common,trip,fk_ros_common_trip_observer_data,observation_dataset_id,ros_common,observation_dataset,id
ros_common,trip_daily_activities,fk_common_trip_daily_activities_trip,trip_id,ros_common,trip,id
ros_common,trip_daily_activity_details,fk_common_trip_daily_activity_details_trip_daily_activity_id,trip_daily_activity_id,ros_common,trip_daily_activities,id
ros_common,trip_daily_activity_details,fk_ros_common_trip_daily_activity_details_activity_code,activity_code,refs_fishery,surface_fishery_activities,code
ros_common,trip_observer,fk_ros_common_trip_observer_disembarkation_country_code,disembarkation_country_code,refs_admin,countries,code
ros_common,trip_observer,fk_ros_common_trip_observer_disembarkation_port_code,disembarkation_port_code,refs_admin,ports,code
ros_common,trip_observer,fk_ros_common_trip_observer_embarkation_country_code,embarkation_country_code,refs_admin,countries,code
ros_common,trip_observer,fk_ros_common_trip_observer_embarkation_port_code,embarkation_port_code,refs_admin,ports,code
ros_common,trip_observer,fk_trip_observer_observer_id,observer_id,ros_meta,observer,contact_id
ros_common,trip_observer,fk_trip_observer_trip_id,trip_id,ros_common,trip,id
ros_common,trip_reasons_for_days_lost,fk_reasons_for_days_lost_inoperativity_reason,inoperativity_reason,refs_fishery,reasons_days_lost,code
ros_common,trip_reasons_for_days_lost,fk_ros_common_reasons_for_days_lost_trip_id,trip_id,ros_common,trip,id
ros_common,trip_vessel,fk_ros_common_trip_vessel_ais,ais,refs_data,logical_responses,code
ros_common,trip_vessel,fk_ros_common_trip_vessel_departure_country_code,departure_country_code,refs_admin,countries,code
ros_common,trip_vessel,fk_ros_common_trip_vessel_departure_port_code,departure_port_code,refs_admin,ports,code
ros_common,trip_vessel,fk_ros_common_trip_vessel_depth_sounder,depth_sounder,refs_data,logical_responses,code
ros_common,trip_vessel,fk_ros_common_trip_vessel_doppler_current_meter,doppler_current_meter,refs_data,logical_responses,code
ros_common,trip_vessel,fk_ros_common_trip_vessel_expendable_bathythermographs,expendable_bathythermographs,refs_data,logical_responses,code
ros_common,trip_vessel,fk_ros_common_trip_vessel_fisheries_information_services,fisheries_information_services,refs_data,logical_responses,code
ros_common,trip_vessel,fk_ros_common_trip_vessel_gps,gps,refs_data,logical_responses,code
ros_common,trip_vessel,fk_ros_common_trip_vessel_hf_radios,hf_radios,refs_data,logical_responses,code
ros_common,trip_vessel,fk_ros_common_trip_vessel_radars,radars,refs_data,logical_responses,code
ros_common,trip_vessel,fk_ros_common_trip_vessel_return_country_code,return_country_code,refs_admin,countries,code
ros_common,trip_vessel,fk_ros_common_trip_vessel_return_port_code,return_port_code,refs_admin,ports,code
ros_common,trip_vessel,fk_ros_common_trip_vessel_satellite_communication_systems,satellite_communication_systems,refs_data,logical_responses,code
ros_common,trip_vessel,fk_ros_common_trip_vessel_sonar,sonar,refs_data,logical_responses,code
ros_common,trip_vessel,fk_ros_common_trip_vessel_track_plotter,track_plotter,refs_data,logical_responses,code
ros_common,trip_vessel,fk_ros_common_trip_vessel_vessel_id,vessel_id,ros_meta,vessel,id
ros_common,trip_vessel,fk_ros_common_trip_vessel_vhf_radios,vhf_radios,refs_data,logical_responses,code
ros_common,trip_vessel,fk_ros_common_trip_vessel_vms,vms,refs_data,logical_responses,code
ros_common,trip_vessel,fk_trip_vessel_fishing_master_id,fishing_master_id,ros_meta,contact,id
ros_common,trip_vessel,fk_trip_vessel_hull_material_code,hull_material_code,refs_fishery,hull_material_types,code
ros_common,trip_vessel,fk_trip_vessel_skipper_id,skipper_id,ros_meta,contact,id
ros_common,trip_vessel,fk_trip_vessel_trip_id,trip_id,ros_common,trip,id
ros_common,trip_vessel_fish_preservation_method,fk_ros_common_trip_vessel_fish_preservation_method_method_code,fish_preservation_method_code,refs_fishery,fish_preservation_methods,code
ros_common,trip_vessel_fish_preservation_method,fk_ros_common_trip_vessel_fish_preservation_method_trip_id,trip_id,ros_common,trip,id
ros_common,trip_vessel_fish_storage_type,fk_ros_common_trip_vessel_fish_storage_type_code,fish_storage_type_code,refs_fishery,fish_storage_types,code
ros_common,trip_vessel_fish_storage_type,fk_ros_common_trip_vessel_fish_storage_type_trip_id,trip_id,ros_common,trip,id
ros_common,trip_vessel_main_engines,fk_ros_common_trip_vessel_main_engines_trip_id,trip_id,ros_common,trip,id
ros_common,trip_waste_managements,fk_ros_common_waste_managements_storage_or_disposal_method_code,waste_storage_or_disposal_method_code,refs_fishery,waste_disposal_methods,code
ros_common,trip_waste_managements,fk_ros_common_waste_managements_trip_id,trip_id,ros_common,trip,id
ros_common,trip_waste_managements,fk_ros_common_waste_managements_waste_category_code,waste_category_code,refs_fishery,waste_categories,code
ros_ps,additional_catch_details_on_ssi,fk_ros_ps_additional_catch_details_on_ssi_brought_on_board,brought_on_board,refs_data,logical_responses,code
ros_ps,additional_catch_details_on_ssi,fk_ros_ps_additional_catch_details_on_ssi_revival,revival,refs_data,logical_responses,code
ros_ps,additional_catch_details_on_ssi,fk_ros_ps_gear_interaction_code_ps_additional_catch_details_on_,gear_interaction_code,refs_biology,gear_interactions,code
ros_ps,additional_catch_details_on_ssi,fk_ros_ps_handling_method_code_ps_additional_catch_details_on_s,handling_method_code,refs_biology,handling_methods,code
ros_ps,catch_details,fk_ros_ps_estimated_weight_sampling_method_code_ps_catch_detail,estimated_weight_sampling_method_code,refs_biology,sampling_methods_for_catch_estimation,code
ros_ps,catch_details,fk_ros_ps_fates_code_ps_catch_details,fates_code|type_of_fate_code,refs_biology,fates,code|type_of_fate_code
ros_ps,catch_details,fk_ros_ps_species_code_ps_catch_details,species_code,refs_biology,species,code
ros_ps,catch_details,psctchdtlspsfshngvntid,fishing_event_id,ros_ps,fishing_events,id
ros_ps,cetaceans_whale_shark_sightings,ctcnswhlshpssttngprtnd,setting_operation_id,ros_ps,setting_operations,id
ros_ps,cetaceans_whale_shark_sightings,fk_ros_ps_cetaceans_whale_shark_sightings_caught_inside_the_net,caught_inside_the_net,refs_data,logical_responses,code
ros_ps,cetaceans_whale_shark_sightings,fk_ros_ps_cetaceans_whale_shark_sightings_sighting_occurred_bef,sighting_occurred_before_setting,refs_data,logical_responses,code
ros_ps,cetaceans_whale_shark_sightings,fk_ros_ps_species_code_cetaceans_whale_shark_sightings,species_code,refs_biology,species,code
ros_ps,fishing_events,fk_ros_ps_fishing_events_trip,trip_id,ros_common,trip,id
ros_ps,fishing_events,psfshngvntpssttngprtnd,setting_operation_id,ros_ps,setting_operations,id
ros_ps,gear_specifications,fk_ros_ps_gear_specifications_power_block,power_block,refs_data,logical_responses,code
ros_ps,gear_specifications,fk_ros_ps_gear_specifications_purse_winch,purse_winch,refs_data,logical_responses,code
ros_ps,gear_specifications,fk_ros_ps_gear_specifications_trip,trip_id,ros_common,trip,id
ros_ps,object_details,fk_ros_ps_fad_raft_design_code_ps_object_details,fad_raft_design_code,refs_fishery,fad_raft_designs,code
ros_ps,object_details,fk_ros_ps_fad_tail_design_code_ps_object_details,fad_tail_design_code,refs_fishery,fad_tail_designs,code
ros_ps,object_details,fk_ros_ps_object_details_equipped_with_artificial_lights_at_dep,equipped_with_artificial_lights_at_deploy,refs_data,logical_responses,code
ros_ps,object_details,fk_ros_ps_object_details_equipped_with_artificial_lights_on_ret,equipped_with_artificial_lights_on_retrieval,refs_data,logical_responses,code
ros_ps,setting_operations,fk_ros_ps_first_school_detection_method_code_ps_setting_operati,first_school_detection_method_code,refs_fishery,school_detection_methods,code
ros_ps,setting_operations,pssttngprtnspsbjctdtld,ps_object_detail_id,ros_ps,object_details,id
ros_ps,setting_operations_cl_school_sighting_cues,fk_ros_ps_school_sighting_cue_code_ps_setting_operations_cl_sch,school_sighting_cue_code,refs_fishery,school_sighting_cues,code
ros_ps,setting_operations_cl_school_sighting_cues,pssttngprtpssttngprtnd,setting_operation_id,ros_ps,setting_operations,id
ros_ps,specimens,ddtnlspcmndtlsnntrgtsp,additional_specimen_details_non_target_species_id,ros_common,additional_details_on_non_target_species,id
ros_ps,specimens,pspsddtnlctchdtlsnsssd,additional_catch_details_on_ssis_id,ros_ps,additional_catch_details_on_ssi,id
ros_ps,specimens,psspcimenspstgdetailid,tag_detail_id,ros_ps,tag_details,id
ros_ps,specimens,psspcmnsbmtrcnfrmtonid,biometric_information_id,ros_common,biometric_information,id
ros_ps,specimens,psspcmnspsctchdetailid,catch_detail_id,ros_ps,catch_details,id
ros_ps,tag_details,fk_ros_ps_tag_details_tag_recovery,tag_recovery,refs_data,logical_responses,code
ros_ps,tag_details,fk_ros_ps_tag_details_tag_release,tag_release,refs_data,logical_responses,code
ros_ps,tag_details,fk_ros_ps_tag_type_code_ps_tag_details,tag_type_code,refs_biology,tag_types,code
ros_ps,tag_details,fk_tag_details_tag_finder_id,tag_finder_id,ros_meta,contact,id
ros_ll,additional_catch_details_on_ssi,fk_ros_ll_additional_catch_details_on_ssi_brought_on_board,brought_on_board,refs_data,logical_responses,code
ros_ll,additional_catch_details_on_ssi,fk_ros_ll_additional_catch_details_on_ssi_hook_type_code,hook_type_code,refs_fishery,hook_and_terminal_devices,code
ros_ll,additional_catch_details_on_ssi,fk_ros_ll_additional_catch_details_on_ssi_light_attached_to_bra,light_attached_to_branchline,refs_data,logical_responses,code
ros_ll,additional_catch_details_on_ssi,fk_ros_ll_additional_catch_details_on_ssi_revival,revival,refs_data,logical_responses,code
ros_ll,additional_catch_details_on_ssi,fk_ros_ll_bait_condition_code_ll_additional_catch_details_on_ss,bait_condition_code,refs_biology,bait_conditions,code
ros_ll,additional_catch_details_on_ssi,fk_ros_ll_dehooker_device_code_ll_additional_catch_details_on_s,dehooker_device_code,refs_fishery,dehooker_types,code
ros_ll,additional_catch_details_on_ssi,fk_ros_ll_gear_interaction_code_ll_additional_catch_details_on_,gear_interaction_code,refs_biology,gear_interactions,code
ros_ll,additional_catch_details_on_ssi,fk_ros_ll_handling_method_code_ll_additional_catch_details_on_s,handling_method_code,refs_biology,handling_methods,code
ros_ll,additional_catch_details_on_ssi,fk_ros_ll_leader_material_type_code_ll_additional_catch_details,leader_material_type_code,refs_fishery,line_material_types,code
ros_ll,baits_by_conditions,btsbycndtllsttngprtnsd,setting_operation_id,ros_ll,setting_operations,id
ros_ll,baits_by_conditions,fk_ros_ll_bait_condition_code_baits_by_conditions,bait_condition_code,refs_biology,bait_conditions,code
ros_ll,baits_by_conditions,fk_ros_ll_species_code_baits_by_conditions,species_code,refs_biology,species,code
ros_ll,biteoffs_by_branchlines_set,btffsbybrncllhlngprtnd,hauling_operation_id,ros_ll,hauling_operations,id
ros_ll,branchline_configurations,brnchlncnllgrspcfctnsd,gear_specification_id,ros_ll,gear_specifications,id
ros_ll,branchline_configurations_storage,fk_ros_ll_branchline_configurations_storage_code,branchline_storage_code,refs_fishery,branchline_storages,code
ros_ll,branchline_configurations_storage,fk_ros_ll_branchline_configurations_storage_configuration,branchline_configuration_id,ros_ll,branchline_configurations,id
ros_ll,branchline_sections,brnchlnbrnchlncnfgrtnd,branchline_configuration_id,ros_ll,branchline_configurations,id
ros_ll,branchline_sections,fk_ros_ll_branchline_material_type_code_branchline_sections,branchline_material_type_code,refs_fishery,line_material_types,code
ros_ll,branchlines_set,brnchlnssllsttngprtnsd,setting_operation_id,ros_ll,setting_operations,id
ros_ll,catch_details,fk_ros_ll_estimated_weight_sampling_method_code_ll_catch_detail,estimated_weight_sampling_method_code,refs_biology,sampling_methods_for_catch_estimation,code
ros_ll,catch_details,fk_ros_ll_fates_code_ll_catch_details,fates_code|type_of_fate_code,refs_biology,fates,code|type_of_fate_code
ros_ll,catch_details,fk_ros_ll_species_code_ll_catch_details,species_code,refs_biology,species,code
ros_ll,catch_details,llctchdtlsllfshngvntid,fishing_event_id,ros_ll,fishing_events,id
ros_ll,fishing_events,fk_ros_ll_fishing_events_trip,trip_id,ros_common,trip,id
ros_ll,fishing_events,llfshngvntllsttngprtnd,setting_operation_id,ros_ll,setting_operations,id
ros_ll,fishing_events,llfshngvntsllhlngprtnd,hauling_operation_id,ros_ll,hauling_operations,id
ros_ll,fishing_events,llfshngvntsllmtgtnmsrd,mitigation_measure_id,ros_ll,mitigation_measures,id
ros_ll,floatlines,fltlnsllsttngprationid,setting_operation_id,ros_ll,setting_operations,id
ros_ll,gear_specifications,fk_ros_ll_gear_specifications_bait_casting_machine,bait_casting_machine,refs_data,logical_responses,code
ros_ll,gear_specifications,fk_ros_ll_gear_specifications_line_hauler,line_hauler,refs_data,logical_responses,code
ros_ll,gear_specifications,fk_ros_ll_gear_specifications_line_setter,line_setter,refs_data,logical_responses,code
ros_ll,gear_specifications,fk_ros_ll_gear_specifications_trip,trip_id,ros_common,trip,id
ros_ll,gear_specifications,llgrspcfctionstrlndtld,tori_line_detail_id,ros_ll,tori_line_details,id
ros_ll,gear_specifications_mitigation_device,fk_ros_ll_mitigation_device_code_ll_gear_specifications_mitigat,mitigation_device_code,refs_fishery,mitigation_devices,code
ros_ll,gear_specifications_mitigation_device,llgrspcfctllgrspcfctnd,gear_specification_id,ros_ll,gear_specifications,id
ros_ll,hauling_offal_disposal_positions,llhlngffldsllhlngprtnd,hauling_operation_id,ros_ll,hauling_operations,id
ros_ll,hauling_operations,fk_ros_ll_hauling_operations_bird_scaring_device_at_hauler,bird_scaring_device_at_hauler,refs_data,logical_responses,code
ros_ll,hauling_operations,fk_ros_ll_sampling_protocol_code_ll_hauling_operations,sampling_protocol_code,refs_biology,sampling_protocols,code
ros_ll,hooks_by_type,fk_ros_ll_hook_type_code_hooks_by_type,hook_type_code,refs_fishery,hook_and_terminal_devices,code
ros_ll,hooks_by_type,hksbytypllsttngprtnsid,setting_operation_id,ros_ll,setting_operations,id
ros_ll,leader_set,fk_ros_ll_leader_set_leader_material_type_code,leader_material_type_code,refs_fishery,line_material_types,code
ros_ll,leader_set,fk_ros_ll_leader_set_setting_operation_id,setting_operation_id,ros_ll,setting_operations,id
ros_ll,lights_by_type_and_colour,fk_ros_ll_light_colour_code_lights_by_type_and_colour,light_colour_code,refs_fishery,light_colours,code
ros_ll,lights_by_type_and_colour,fk_ros_ll_light_type_code_lights_by_type_and_colour,light_type_code,refs_fishery,light_types,code
ros_ll,lights_by_type_and_colour,lghtsbytypllsttngprtnd,setting_operation_id,ros_ll,setting_operations,id
ros_ll,mitigation_measures,fk_ros_ll_mitigation_measures_branchline_weighted,branchline_weighted,refs_data,logical_responses,code
ros_ll,mitigation_measures,fk_ros_ll_mitigation_measures_hooks_pods,hooks_pods,refs_data,logical_responses,code
ros_ll,mitigation_measures,fk_ros_ll_mitigation_measures_hooks_set_between_dusk_and_dawn,hooks_set_between_dusk_and_dawn,refs_data,logical_responses,code
ros_ll,mitigation_measures,fk_ros_ll_mitigation_measures_minimum_deck_lighting_used,minimum_deck_lighting_used,refs_data,logical_responses,code
ros_ll,mitigation_measures_mitigation_devices,fk_ros_ll_mitigation_device_code_ll_mitigation_measures_mitigat,mitigation_device_code,refs_fishery,mitigation_devices,code
ros_ll,mitigation_measures_mitigation_devices,llmtgtnmsrsllmtgtnmsrd,mitigation_measure_id,ros_ll,mitigation_measures,id
ros_ll,setting_operations,fk_ros_ll_setting_operations_shark_lines_set,shark_lines_set,refs_data,logical_responses,code
ros_ll,setting_operations_target_species,fk_ros_ll_target_species_code_ll_setting_operations_target_spec,target_species_code,refs_biology,species,code
ros_ll,setting_operations_target_species,llsttngprllsttngprtnsd,setting_operation_id,ros_ll,setting_operations,id
ros_ll,specimens,ddtnlspcmndtlsnntrgtsp,additional_specimen_details_non_target_species_id,ros_common,additional_details_on_non_target_species,id
ros_ll,specimens,llllddtnlctchdtlsnsssd,additional_catch_details_on_ssis_id,ros_ll,additional_catch_details_on_ssi,id
ros_ll,specimens,llspcimenslltgdetailid,tag_detail_id,ros_ll,tag_details,id
ros_ll,specimens,llspcmnsbmtrcnfrmtonid,biometric_information_id,ros_common,biometric_information,id
ros_ll,specimens,llspcmnsllctchdetailid,catch_detail_id,ros_ll,catch_details,id
ros_ll,specimens,llspcmnslldprdtndtilid,depredation_detail_id,ros_common,depredation_details,id
ros_ll,tag_details,fk_ros_ll_tag_details_tag_recovery,tag_recovery,refs_data,logical_responses,code
ros_ll,tag_details,fk_ros_ll_tag_details_tag_release,tag_release,refs_data,logical_responses,code
ros_ll,tag_details,fk_ros_ll_tag_type_code_ll_tag_details,tag_type_code,refs_biology,tag_types,code
ros_ll,tag_details,fk_tag_details_tag_finder_id,tag_finder_id,ros_meta,contact,id
ros_ll,tori_line_details,fk_ros_ll_tori_line_details_streamers_reach_surface,streamers_reach_surface,refs_data,logical_responses,code
ros_pl,additional_catch_details_on_ssi,fk_ros_pl_additional_catch_details_on_ssi_brought_on_board,brought_on_board,refs_data,logical_responses,code
ros_pl,additional_catch_details_on_ssi,fk_ros_pl_additional_catch_details_on_ssi_revival,revival,refs_data,logical_responses,code
ros_pl,additional_catch_details_on_ssi,fk_ros_pl_gear_interaction_code_pl_additional_catch_details_on_,gear_interaction_code,refs_biology,gear_interactions,code
ros_pl,additional_catch_details_on_ssi,fk_ros_pl_handling_method_code_pl_additional_catch_details_on_s,handling_method_code,refs_biology,handling_methods,code
ros_pl,bait_fishing_event_pl_catch_detail,plbtfshngplbtfshngvntd,bait_fishing_event_id,ros_pl,bait_fishing_events,id
ros_pl,bait_fishing_events,btfshngvplbtfshngprtnd,bait_fishing_operation_id,ros_pl,bait_fishing_operations,id
ros_pl,bait_fishing_events,fk_ros_pl_bait_fishing_events_trip,trip_id,ros_common,trip,id
ros_pl,bait_fishing_operations,fk_ros_pl_bait_fishing_method_code_bait_fishing_operations,bait_fishing_method_code,refs_fishery,bait_fishing_methods,code
ros_pl,bait_fishing_operations,fk_ros_pl_sampling_protocol_code_bait_fishing_operations,sampling_protocol_code,refs_biology,sampling_protocols,code
ros_pl,baits_and_conditions,fk_ros_pl_bait_condition_code_baits_and_conditions,bait_condition_code,refs_biology,bait_conditions,code
ros_pl,baits_and_conditions,fk_ros_pl_species_code_baits_and_conditions,species_code,refs_biology,species,code
ros_pl,catch_details,fk_ros_pl_estimated_weight_sampling_method_code_pl_catch_detail,estimated_weight_sampling_method_code,refs_biology,sampling_methods_for_catch_estimation,code
ros_pl,catch_details,fk_ros_pl_fates_code_pl_catch_details,fates_code|type_of_fate_code,refs_biology,fates,code|type_of_fate_code
ros_pl,catch_details,fk_ros_pl_species_code_pl_catch_details,species_code,refs_biology,species,code
ros_pl,gear_specifications,fk_ros_pl_gear_specifications_hook_type_code,hook_type_code,refs_fishery,hook_and_terminal_devices,code
ros_pl,gear_specifications,fk_ros_pl_gear_specifications_trip,trip_id,ros_common,trip,id
ros_pl,lures_or_jiggers_by_type,fk_ros_pl_hook_type_code_lures_or_jiggers_by_type,hook_type_code,refs_fishery,hook_and_terminal_devices,code
ros_pl,lures_or_jiggers_by_type,fk_ros_pl_lures_or_jiggers_by_type_gear_specifications_id,gear_specification_id,ros_pl,gear_specifications,id
ros_pl,specimens,ddtnlspcmndtlsnntrgtsp,additional_specimen_details_non_target_species_id,ros_common,additional_details_on_non_target_species,id
ros_pl,specimens,plplddtnlctchdtlsnsssd,additional_catch_details_on_ssis_id,ros_pl,additional_catch_details_on_ssi,id
ros_pl,specimens,plspcimenspltgdetailid,tag_detail_id,ros_pl,tag_details,id
ros_pl,specimens,plspcmnsbmtrcnfrmtonid,biometric_information_id,ros_common,biometric_information,id
ros_pl,specimens,plspcmnsplctchdetailid,catch_detail_id,ros_pl,catch_details,id
ros_pl,specimens,plspcmnspldprdtndtilid,depredation_detail_id,ros_common,depredation_details,id
ros_pl,tag_details,fk_ros_pl_tag_details_tag_recovery,tag_recovery,refs_data,logical_responses,code
ros_pl,tag_details,fk_ros_pl_tag_details_tag_release,tag_release,refs_data,logical_responses,code
ros_pl,tag_details,fk_ros_pl_tag_type_code_pl_tag_details,tag_type_code,refs_biology,tag_types,code
ros_pl,tag_details,fk_tag_details_tag_finder_id,tag_finder_id,ros_meta,contact,id
ros_pl,tuna_fishing_event_pl_catch_detail,pltnfshngpltnfshngvntd,tuna_fishing_event_id,ros_pl,tuna_fishing_events,id
ros_pl,tuna_fishing_event_pl_catch_detail,pltnfshngvntplctchdtld,catch_detail_id,ros_pl,catch_details,id
ros_pl,tuna_fishing_events,fk_ros_pl_tuna_fishing_events_trip,trip_id,ros_common,trip,id
ros_pl,tuna_fishing_events,tnfshngvntsplbjctdtlid,object_detail_id,ros_pl,object_details,id
ros_pl,tuna_fishing_events,tnfshngvpltnfshngprtnd,tuna_fishing_operation_id,ros_pl,tuna_fishing_operations,id
ros_pl,tuna_fishing_operations,fk_ros_pl_tuna_fishing_operations_bait_used,bait_used,refs_data,logical_responses,code
ros_pl,tuna_fishing_operations,pltnfshngprtbtndcndtnd,bait_and_condition_id,ros_pl,baits_and_conditions,id
ros_pl,tuna_fishing_operations_cl_school_sighting_cues,fk_ros_pl_school_sighting_cue_code_pl_tuna_fishing_operations_c,school_sighting_cue_code,refs_fishery,school_sighting_cues,code
ros_pl,tuna_fishing_operations_cl_school_sighting_cues,pltnfshngpplfshngprtnd,fishing_operation_id,ros_pl,tuna_fishing_operations,id
ros_pl,tuna_fishing_operations_target_species,fk_ros_pl_target_species_code_pl_tuna_fishing_operations_target,target_species_code,refs_biology,species,code
ros_pl,tuna_fishing_operations_target_species,pltnfshpltnfshngprtnd2,tuna_fishing_operation_id,ros_pl,tuna_fishing_operations,id
ros_gn,additional_catch_details_on_ssi,fk_ros_gn_additional_catch_details_on_ssi_brought_on_board,brought_on_board,refs_data,logical_responses,code
ros_gn,additional_catch_details_on_ssi,fk_ros_gn_additional_catch_details_on_ssi_revival,revival,refs_data,logical_responses,code
ros_gn,additional_catch_details_on_ssi,fk_ros_gn_gear_interaction_code_gn_additional_catch_details_on_,gear_interaction_code,refs_biology,gear_interactions,code
ros_gn,additional_catch_details_on_ssi,fk_ros_gn_handling_method_code_gn_additional_catch_details_on_s,handling_method_code,refs_biology,handling_methods,code
ros_gn,catch_details,fk_ros_gn_estimated_weight_sampling_method_code_gn_catch_detail,estimated_weight_sampling_method_code,refs_biology,sampling_methods_for_catch_estimation,code
ros_gn,catch_details,fk_ros_gn_fates_code_gn_catch_details,fates_code|type_of_fate_code,refs_biology,fates,code|type_of_fate_code
ros_gn,catch_details,fk_ros_gn_species_code_gn_catch_details,species_code,refs_biology,species,code
ros_gn,catch_details,gnctchdtlsgnfshngvntid,fishing_event_id,ros_gn,fishing_events,id
ros_gn,fishing_events,fk_ros_gn_fishing_events_trip,trip_id,ros_common,trip,id
ros_gn,fishing_events,gnfshngvntgnsttngprtnd,setting_operation_id,ros_gn,setting_operations,id
ros_gn,fishing_events,gnfshngvntsgnhlngprtnd,hauling_operation_id,ros_gn,hauling_operations,id
ros_gn,fishing_events,gnfshngvntsgnmtgtnmsrd,mitigation_measure_id,ros_gn,mitigation_measures,id
ros_gn,gear_specifications,fk_ros_gn_gear_specifications_net_drum_hauler,net_drum_hauler,refs_data,logical_responses,code
ros_gn,gear_specifications,fk_ros_gn_gear_specifications_trip,trip_id,ros_common,trip,id
ros_gn,gillnet_configuration,fk_ros_gn_float_type_code_gillnet_configuration,float_type_code,refs_fishery,float_types,code
ros_gn,gillnet_configuration,fk_ros_gn_gillnet_configuration_droplines_used,droplines_used,refs_data,logical_responses,code
ros_gn,gillnet_configuration,fk_ros_gn_gillnet_configuration_panels_stacked,panels_stacked,refs_data,logical_responses,code
ros_gn,gillnet_configuration,fk_ros_gn_gillnet_material_type_code_gillnet_configuration,gillnet_material_type_code,refs_fishery,line_material_types,code
ros_gn,gillnet_configuration,gllntcnfggllntcnfgrtnd,gillnet_configuration_id,ros_gn,gear_specifications,id
ros_gn,gillnet_configuration_net_web_colours,fk_ros_gn_net_colour_code_gn_gillnet_configuration_net_web_colo,net_colour_code,refs_fishery,net_colours,code
ros_gn,gillnet_configuration_net_web_colours,gnglgngllntcnfgrtndnwc,gillnet_configuration_id_nwc,ros_gn,gillnet_configuration,id
ros_gn,gillnet_configuration_stretched_mesh_sizes,gnglgngllntcnfgrtndsms,gillnet_configuration_id_sms,ros_gn,gillnet_configuration,id
ros_gn,hauling_operations,fk_ros_gn_net_condition_code_gn_hauling_operations,net_condition_code,refs_fishery,net_conditions,code
ros_gn,hauling_operations,fk_ros_gn_sampling_protocol_code_gn_hauling_operations,sampling_protocol_code,refs_biology,sampling_protocols,code
ros_gn,mitigation_measures,fk_ros_gn_mitigation_measures_mitigation_measures,mitigation_measures,refs_data,logical_responses,code
ros_gn,mitigation_measures_mitigation_devices,fk_ros_gn_mitigation_device_code_gn_mitigation_measures_mitigat,mitigation_device_code,refs_fishery,mitigation_devices,code
ros_gn,mitigation_measures_mitigation_devices,gnmtgtnmsrsmtmtgtnmsrd,mitigation_measure_id,ros_gn,mitigation_measures,id
ros_gn,setting_operations,fk_ros_gn_net_configuration_code_gn_setting_operations,net_configuration_code,refs_fishery,net_configurations,code
ros_gn,setting_operations,fk_ros_gn_net_deploy_depth_code_gn_setting_operations,net_deploy_depth_code,refs_fishery,net_deploy_depths,code
ros_gn,setting_operations,fk_ros_gn_net_setting_strategy_code_gn_setting_operations,net_setting_strategy_code,refs_fishery,net_setting_strategies,code
ros_gn,sinkers_by_type,fk_ros_gn_sinker_material_type_code_sinkers_by_type,sinker_material_type_code,refs_fishery,sinker_material_types,code
ros_gn,sinkers_by_type,snkrsbygngllntcnfgrtnd,gillnet_configuration_id,ros_gn,gillnet_configuration,id
ros_gn,specimens,ddtnlspcmndtlsnntrgtsp,additional_specimen_details_non_target_species_id,ros_common,additional_details_on_non_target_species,id
ros_gn,specimens,gngnddtnlctchdtlsnsssd,additional_catch_details_on_ssis_id,ros_gn,additional_catch_details_on_ssi,id
ros_gn,specimens,gnspcimensgntgdetailid,tag_detail_id,ros_gn,tag_details,id
ros_gn,specimens,gnspcmnsbmtrcnfrmtonid,biometric_information_id,ros_common,biometric_information,id
ros_gn,specimens,gnspcmnsgnctchdetailid,catch_detail_id,ros_gn,catch_details,id
ros_gn,specimens,gnspcmnsgndprdtndtilid,depredation_detail_id,ros_common,depredation_details,id
ros_gn,tag_details,fk_ros_gn_tag_details_tag_recovery,tag_recovery,refs_data,logical_responses,code
ros_gn,tag_details,fk_ros_gn_tag_details_tag_release,tag_release,refs_data,logical_responses,code
ros_gn,tag_details,fk_ros_gn_tag_type_code_gn_tag_details,tag_type_code,refs_biology,tag_types,code
ros_gn,tag_details,fk_tag_details_tag_finder_id,tag_finder_id,ros_meta,contact,id
refs_admin,cpc_history,fk_cpc_history_cpcs,cpc_code,refs_admin,cpcs,code
refs_admin,cpc_to_flags,fk_cpc_to_flags_cpc_to_cpc,cpc_code,refs_admin,cpcs,code
refs_admin,cpc_to_flags,fk_cpc_to_flags_cpc_to_flag,flag_code,refs_admin,countries,code
refs_admin,fleet_to_flags_and_fisheries,fk_fleet_to_flags_and_fisheries_countries_ext,flag_code,refs_admin,entities,code
refs_admin,fleet_to_flags_and_fisheries,fk_fleet_to_flags_and_fisheries_countries_ext_reporting,reporting_entity_code,refs_admin,entities,code
refs_admin,fleet_to_flags_and_fisheries,fk_fleet_to_flags_and_fisheries_fishery_types,fishery_type_code,refs_fishery_config,fishery_types,code
refs_admin,fleet_to_flags_and_fisheries,fk_fleet_to_flags_and_fisheries_fishing_modes,fishing_mode_code,refs_fishery_config,fishing_modes,code
refs_admin,fleet_to_flags_and_fisheries,fk_fleet_to_flags_and_fisheries_fleets,fleet_code,refs_admin,fleets,code
refs_admin,fleet_to_flags_and_fisheries,fk_fleet_to_flags_and_fisheries_gear_categories,gear_category_code,refs_fishery_config,gear_groups,code
refs_admin,fleet_to_flags_and_fisheries,fk_fleet_to_flags_and_fisheries_gear_configurations,gear_configuration_code,refs_fishery_config,gear_configurations,code
refs_admin,fleet_to_flags_and_fisheries,fk_fleet_to_flags_and_fisheries_io_main_areas,iotc_main_area_code,refs_gis,areas,code
refs_admin,fleet_to_flags_and_fisheries,fk_fleet_to_flags_and_fisheries_target_species,target_species_code,refs_fishery_config,target_species,code
refs_admin,fleets,fk_fleets_cpcs,cpc_code,refs_admin,cpcs,code
refs_admin,ports,fk_ports_countries,country_code,refs_admin,countries,code_iso3
refs_admin,species_reporting_requirements,fk_reporting_requirements_gear_groups,gear_group_code,refs_fishery_config,gear_groups,code
refs_admin,species_reporting_requirements,fk_reporting_requirements_species,species_code,refs_biology,species,code
refs_biology,fates,fk_fates_types_of_fate,type_of_fate_code,refs_biology,types_of_fate,code
refs_biology,measurement_tools,fk_measurement_tools_types_of_measurement,type_of_measurement_code,refs_biology,types_of_measurement,code
refs_biology,measurements,fk_measurement_types_types_of_measurement,type_of_measurement_code,refs_biology,types_of_measurement,code
refs_biology,recommended_measurements,fk_recommended_measurements_measurements,type_of_measurement_code|measurement_code,refs_biology,measurements,type_of_measurement_code|code
refs_biology,recommended_measurements,fk_recommended_measurements_species,species_code,refs_biology,species,code
refs_biology,species,fk_species_species_categories,species_category_code,refs_biology,species_categories,code
refs_biology,species,fk_species_species_groups,species_group_code,refs_biology,species_groups,code
refs_biology,species_aggregates,fk_species_aggregates_species,species_aggregate_code,refs_biology,species,code
refs_biology,species_aggregates,fk_species_aggregates_species_component,species_code,refs_biology,species,code
refs_data,processings,fk_processings_datasets,dataset_code,refs_data,datasets,code
refs_data,sources,fk_sources_datasets,dataset_code,refs_data,datasets,code
refs_fishery,fisheries,fk_fisheries_fishery_categories,fishery_category_code,refs_fishery_config,fishery_categories,code
refs_fishery,fisheries,fk_fisheries_fishery_types,fishery_type_code,refs_fishery_config,fishery_types,code
refs_fishery,fisheries,fk_fisheries_fishing_modes,fishing_mode_code,refs_fishery_config,fishing_modes,code
refs_fishery,fisheries,fk_fisheries_gear_configurations,gear_configuration_code,refs_fishery_config,gear_configurations,code
refs_fishery,fisheries,fk_fisheries_gears,gear_code,refs_fishery_config,gears,code
refs_fishery,fisheries,fk_fisheries_target_species,target_species_code,refs_fishery_config,target_species,code
refs_fishery,school_sighting_cues,fk_school_sighting_cues_school_type_categories,school_type_category_code,refs_fishery,school_type_categories,code
refs_fishery_config,fishery_types,fk_fishery_types_areas_of_operation,area_of_operation_code,refs_fishery_config,areas_of_operation,code
refs_fishery_config,fishery_types,fk_fishery_types_fishery_types,code,refs_fishery_config,fishery_types,code
refs_fishery_config,fishery_types,fk_fishery_types_loa_classes,loa_class_code,refs_fishery_config,loa_classes,code
refs_fishery_config,fishery_types,fk_fishery_types_purposes,purpose_code,refs_fishery_config,fishery_purposes,code
refs_fishery_config,gear_fishery_type_to_configuration,fk_gear_fishery_type_to_configuration_fishery_types,fishery_type_code,refs_fishery_config,fishery_types,code
refs_fishery_config,gear_fishery_type_to_configuration,fk_gear_fishery_type_to_configuration_gear_configurations,gear_configuration_code,refs_fishery_config,gear_configurations,code
refs_fishery_config,gear_fishery_type_to_configuration,fk_gear_fishery_type_to_configuration_gears,gear_code,refs_fishery_config,gears,code
refs_fishery_config,gear_fishery_type_to_fishing_mode,fk_gear_fishery_type_to_fishing_mode_fishery_types,fishery_type_code,refs_fishery_config,fishery_types,code
refs_fishery_config,gear_fishery_type_to_fishing_mode,fk_gear_fishery_type_to_fishing_mode_fishing_modes,fishing_mode_code,refs_fishery_config,fishing_modes,code
refs_fishery_config,gear_fishery_type_to_fishing_mode,fk_gear_fishery_type_to_fishing_mode_gear_code,gear_code,refs_fishery_config,gears,code
refs_fishery_config,gear_groups,fk_gear_groups_gear_groups,code,refs_fishery_config,gear_groups,code
refs_fishery_config,gear_to_fishery_type,fk_gear_to_fishery_type_fishery_types,fishery_type_code,refs_fishery_config,fishery_types,code
refs_fishery_config,gear_to_fishery_type,fk_gear_to_fishery_type_gears,gear_code,refs_fishery_config,gears,code
refs_fishery_config,gear_to_target_species,fk_gear_to_target_species_gears,gear_code,refs_fishery_config,gears,code
refs_fishery_config,gear_to_target_species,fk_gear_to_target_species_target_species,target_species_code,refs_fishery_config,target_species,code
refs_fishery_config,gears,fk_gears_gear_groups,gear_group_code,refs_fishery_config,gear_groups,code
refs_gis,area_intersections,fk_source_to_areas,source_code,refs_gis,areas,code
refs_gis,area_intersections,fk_target_to_areas,target_code,refs_gis,areas,code
refs_gis,areas,fk_areas_area_types,area_type_code,refs_gis,area_types,code
