schema,table,column,type,mandatory,description
ros_meta,contact,id,integer,YES,
ros_meta,contact,full_name,character varying(255),YES,
ros_meta,contact,nationality_code,character(3),NO,
ros_meta,focal_point,contact_id,integer,YES,
ros_meta,focal_point,email,character varying(255),NO,
ros_meta,focal_point,organisation_name,character varying(1024),NO,
ros_meta,focal_point,comment,character varying(1024),NO,
ros_meta,observer,contact_id,integer,YES,
ros_meta,observer,iotc_observer_identifier,character varying(255),YES,
ros_meta,observer,national_observer_id,character varying(255),NO,
ros_meta,observer_accreditation,observer_id,integer,YES,
ros_meta,observer_accreditation,accreditation_year,integer,NO,
ros_meta,observer_accreditation,accredited_by,character varying(255),NO,
ros_meta,observer_accreditation,deregistered_date,date,NO,
ros_meta,observer_identifier_mapping,legacy_iotc_observer_identifier,character varying(16),YES,
ros_meta,observer_identifier_mapping,iotc_observer_identifier,character varying(16),YES,
ros_meta,vessel,id,integer,YES,
ros_meta,vessel,imo_identifier,character varying(255),NO,
ros_meta,vessel,iotc_vessel_identifier,character varying(255),YES,
ros_meta,vessel,ircs_identifier,character varying(255),NO,
ros_meta,vessel,vessel_name,character varying(255),YES,
ros_meta,vessel,registration_identifier,character varying(255),NO,
ros_meta,vessel,main_fishing_gear_code,character varying(16),YES,
ros_meta,vessel,flag_code,character(3),NO,
ros_meta,vessel,port_code,character varying(16),NO,
ros_meta,vessel_licensed_target_species,vessel_id,integer,YES,
ros_meta,vessel_licensed_target_species,licensed_target_species_code,character varying(16),NO,
ros_common,additional_details_on_non_target_species,id,integer,YES,
ros_common,additional_details_on_non_target_species,condition_at_capture_code,character varying(3),NO,
ros_common,additional_details_on_non_target_species,condition_at_release_code,character varying(3),NO,
ros_common,biometric_information,id,integer,YES,
ros_common,biometric_information,bio_collection_sampling_method_code,character(2),NO,
ros_common,biometric_information,sex_code,character(1),NO,
ros_common,biometric_information,estimated_weight_value,double precision,NO,
ros_common,biometric_information,estimated_weight_unit,character varying(3),NO,
ros_common,biometric_information,estimated_weight_type_of_measurement_code,character(2),NO,
ros_common,biometric_information,estimated_weight_processing_type_code,character(2),NO,
ros_common,biometric_information,estimated_weight_method_code,character(2),NO,
ros_common,biometric_information,maturity_stage_level,integer,NO,
ros_common,biometric_information,maturity_stage_scale,character varying(255),NO,
ros_common,biometric_information,alternative_measured_length_value,double precision,NO,
ros_common,biometric_information,alternative_measured_length_unit,character varying(3),NO,
ros_common,biometric_information,alternative_measured_length_type_of_measurement_code,character(2),NO,
ros_common,biometric_information,alternative_measured_length_measured_length_type_code,character(2),NO,
ros_common,biometric_information,alternative_measured_length_length_measuring_tool_code,character(2),NO,
ros_common,biometric_information,measured_length_value,double precision,NO,
ros_common,biometric_information,measured_length_unit,character varying(3),NO,
ros_common,biometric_information,measured_length_type_of_measurement_code,character(2),NO,
ros_common,biometric_information,measured_length_measured_length_type_code,character(2),NO,
ros_common,biometric_information,measured_length_length_measuring_tool_code,character(2),NO,
ros_common,biometric_information,sample_collection_detail_destination,character varying(255),NO,
ros_common,biometric_information,sample_collection_detail_preservation_method,text,NO,
ros_common,biometric_information,sample_collection_detail_sample_type,character varying(255),NO,
ros_common,biometric_information,alternative_measured_length_straight,character varying(5),NO,
ros_common,biometric_information,measured_length_straight,character varying(5),NO,
ros_common,depredation_details,id,integer,YES,
ros_common,depredation_details,depredation_source_code,character varying(3),NO,
ros_common,depredation_details,predator_observed_code,character varying(16),NO,
ros_common,observation_dataset,id,integer,YES,Technical identifier of the observer data
ros_common,observation_dataset,vessel_type_code,character(3),YES,
ros_common,observation_dataset,reporting_country_code,character(3),YES,
ros_common,observation_dataset,complete,boolean,YES,
ros_common,observation_dataset,creation_time,timestamp(6) without time zone,YES,
ros_common,observation_dataset,originator,character varying(255),YES,
ros_common,observation_dataset,originator_version,character varying(255),YES,
ros_common,observation_dataset,ros_codelists_version,character varying(255),YES,
ros_common,observation_dataset,ros_model_version,character varying(255),YES,
ros_common,observation_dataset,source,character varying(255),YES,
ros_common,observation_dataset,status,character varying(255),YES,
ros_common,observation_dataset,submission_time,timestamp(6) without time zone,NO,
ros_common,observation_dataset,finalization_time,timestamp(6) without time zone,NO,
ros_common,observation_dataset,submitter_id,integer,YES,
ros_common,observation_dataset,reporting_year,integer,NO,
ros_common,observation_dataset,reporting_entity_code,character varying(4),NO,
ros_common,observation_dataset,reporting_source_dataset_code,character(2),NO,
ros_common,observation_dataset,reporting_source_code,character(2),NO,
ros_common,trip,id,integer,YES,
ros_common,trip,trip_original_id,character varying(255),YES,
ros_common,trip,observation_dataset_id,integer,YES,
ros_common,trip,uid,character varying(255),YES,
ros_common,trip_daily_activities,trip_id,integer,YES,
ros_common,trip_daily_activities,id,integer,YES,
ros_common,trip_daily_activities,date,timestamp(3) without time zone,YES,
ros_common,trip_daily_activity_details,id,integer,YES,
ros_common,trip_daily_activity_details,comments,text,NO,
ros_common,trip_daily_activity_details,time_of_day,timestamp(3) without time zone,NO,
ros_common,trip_daily_activity_details,latitude,double precision,NO,
ros_common,trip_daily_activity_details,longitude,double precision,NO,
ros_common,trip_daily_activity_details,activity_code,character(2),NO,
ros_common,trip_daily_activity_details,trip_daily_activity_id,integer,YES,
ros_common,trip_observer,trip_id,integer,YES,
ros_common,trip_observer,date_time_disembarkation,timestamp(6) without time zone,NO,
ros_common,trip_observer,date_time_embarkation,timestamp(6) without time zone,NO,
ros_common,trip_observer,observer_id,integer,YES,
ros_common,trip_observer,disembarkation_location_name,character varying(255),NO,
ros_common,trip_observer,disembarkation_latitude,double precision,NO,
ros_common,trip_observer,disembarkation_longitude,double precision,NO,
ros_common,trip_observer,disembarkation_country_code,character(3),NO,
ros_common,trip_observer,disembarkation_port_code,character varying(16),NO,
ros_common,trip_observer,embarkation_location_name,character varying(255),NO,
ros_common,trip_observer,embarkation_latitude,double precision,NO,
ros_common,trip_observer,embarkation_longitude,double precision,NO,
ros_common,trip_observer,embarkation_country_code,character(3),NO,
ros_common,trip_observer,embarkation_port_code,character varying(16),NO,
ros_common,trip_reasons_for_days_lost,id,integer,YES,
ros_common,trip_reasons_for_days_lost,reason,text,NO,
ros_common,trip_reasons_for_days_lost,inoperativity_reason,character varying(255),NO,
ros_common,trip_reasons_for_days_lost,trip_id,integer,YES,
ros_common,trip_vessel,trip_id,integer,YES,
ros_common,trip_vessel,number_of_active_fishing_days,integer,NO,
ros_common,trip_vessel,number_of_conducted_fishing_events_with_observer_onboard,integer,NO,
ros_common,trip_vessel,number_of_days_in_fishing_area,integer,NO,
ros_common,trip_vessel,number_of_days_lost,integer,NO,
ros_common,trip_vessel,number_of_days_searching,integer,NO,
ros_common,trip_vessel,number_of_days_transiting,integer,NO,
ros_common,trip_vessel,number_of_observed_fishing_events,integer,NO,
ros_common,trip_vessel,hull_material_code,character(2),NO,
ros_common,trip_vessel,number_of_crew,integer,NO,
ros_common,trip_vessel,return_timestamp,timestamp(6) without time zone,NO,
ros_common,trip_vessel,departure_timestamp,timestamp(6) without time zone,NO,
ros_common,trip_vessel,skipper_id,integer,NO,
ros_common,trip_vessel,fishing_master_id,integer,NO,
ros_common,trip_vessel,vessel_id,integer,NO,
ros_common,trip_vessel,fish_storage_capacity_value,double precision,NO,
ros_common,trip_vessel,fish_storage_capacity_unit,character varying(3),NO,
ros_common,trip_vessel,loa_value,double precision,NO,
ros_common,trip_vessel,loa_unit,character varying(3),NO,
ros_common,trip_vessel,departure_location_name,character varying(255),NO,
ros_common,trip_vessel,departure_latitude,double precision,NO,
ros_common,trip_vessel,departure_longitude,double precision,NO,
ros_common,trip_vessel,departure_country_code,character(3),NO,
ros_common,trip_vessel,departure_port_code,character varying(16),NO,
ros_common,trip_vessel,return_location_name,character varying(255),NO,
ros_common,trip_vessel,return_latitude,double precision,NO,
ros_common,trip_vessel,return_longitude,double precision,NO,
ros_common,trip_vessel,return_country_code,character(3),NO,
ros_common,trip_vessel,return_port_code,character varying(16),NO,
ros_common,trip_vessel,autonomy_range_value,double precision,NO,
ros_common,trip_vessel,autonomy_range_unit,character varying(3),NO,
ros_common,trip_vessel,tonnage_value,double precision,NO,
ros_common,trip_vessel,tonnage_unit,character varying(3),NO,
ros_common,trip_vessel,ais,character varying(5),NO,
ros_common,trip_vessel,gps,character varying(5),NO,
ros_common,trip_vessel,vms,character varying(5),NO,
ros_common,trip_vessel,depth_sounder,character varying(5),NO,
ros_common,trip_vessel,doppler_current_meter,character varying(5),NO,
ros_common,trip_vessel,expendable_bathythermographs,character varying(5),NO,
ros_common,trip_vessel,fisheries_information_services,character varying(5),NO,
ros_common,trip_vessel,hf_radios,character varying(5),NO,
ros_common,trip_vessel,radars,character varying(5),NO,
ros_common,trip_vessel,satellite_communication_systems,character varying(5),NO,
ros_common,trip_vessel,sonar,character varying(5),NO,
ros_common,trip_vessel,track_plotter,character varying(5),NO,
ros_common,trip_vessel,vhf_radios,character varying(5),NO,
ros_common,trip_vessel_fish_preservation_method,trip_id,integer,YES,
ros_common,trip_vessel_fish_preservation_method,fish_preservation_method_code,character(2),YES,
ros_common,trip_vessel_fish_storage_type,trip_id,integer,YES,
ros_common,trip_vessel_fish_storage_type,fish_storage_type_code,character(2),YES,
ros_common,trip_vessel_main_engines,trip_id,integer,YES,
ros_common,trip_vessel_main_engines,main_engines_make,character varying(255),NO,
ros_common,trip_vessel_main_engines,main_engines_value,double precision,YES,
ros_common,trip_vessel_main_engines,main_engines_unit,character varying(3),YES,
ros_common,trip_waste_managements,id,integer,YES,
ros_common,trip_waste_managements,trip_id,integer,YES,
ros_common,trip_waste_managements,waste_storage_or_disposal_method_code,character(2),NO,
ros_common,trip_waste_managements,waste_category_code,character(2),NO,
ros_ps,additional_catch_details_on_ssi,id,integer,YES,
ros_ps,additional_catch_details_on_ssi,photo_id,character varying(255),NO,
ros_ps,additional_catch_details_on_ssi,gear_interaction_code,character(2),NO,
ros_ps,additional_catch_details_on_ssi,handling_method_code,character(2),NO,
ros_ps,additional_catch_details_on_ssi,brought_on_board,character varying(5),NO,
ros_ps,additional_catch_details_on_ssi,revival,character varying(5),NO,
ros_ps,catch_details,id,integer,YES,
ros_ps,catch_details,catch_detail_original_id,character varying(255),YES,
ros_ps,catch_details,comments,text,NO,
ros_ps,catch_details,estimated_catch_in_numbers,integer,NO,
ros_ps,catch_details,fishing_event_id,integer,YES,
ros_ps,catch_details,type_of_fate_code,character(2),YES,
ros_ps,catch_details,estimated_weight_sampling_method_code,character(2),NO,
ros_ps,catch_details,fates_code,character(2),NO,
ros_ps,catch_details,species_code,character varying(16),NO,
ros_ps,catch_details,estimated_weight_value,double precision,NO,
ros_ps,catch_details,estimated_weight_unit,character varying(3),NO,
ros_ps,catch_details,estimated_weight_type_of_measurement_code,character(2),NO,
ros_ps,catch_details,estimated_weight_processing_type_code,character(2),NO,
ros_ps,catch_details,estimated_weight_method_code,character(2),NO,
ros_ps,cetaceans_whale_shark_sightings,id,integer,YES,
ros_ps,cetaceans_whale_shark_sightings,number_sighted,integer,NO,
ros_ps,cetaceans_whale_shark_sightings,setting_operation_id,integer,YES,
ros_ps,cetaceans_whale_shark_sightings,species_code,character varying(16),NO,
ros_ps,cetaceans_whale_shark_sightings,caught_inside_the_net,character varying(5),NO,
ros_ps,cetaceans_whale_shark_sightings,sighting_occurred_before_setting,character varying(5),NO,
ros_ps,fishing_events,id,integer,YES,
ros_ps,fishing_events,comments,text,NO,
ros_ps,fishing_events,event_original_id,character varying(255),NO,
ros_ps,fishing_events,setting_operation_id,integer,YES,
ros_ps,fishing_events,trip_id,integer,YES,
ros_ps,gear_specifications,id,integer,YES,
ros_ps,gear_specifications,trip_id,integer,YES,
ros_ps,gear_specifications,maximum_brail_capacity,double precision,NO,
ros_ps,gear_specifications,maximum_net_depth_value,double precision,NO,
ros_ps,gear_specifications,maximum_net_depth_unit,character varying(3),NO,
ros_ps,gear_specifications,maximum_net_length_value,double precision,NO,
ros_ps,gear_specifications,maximum_net_length_unit,character varying(3),NO,
ros_ps,gear_specifications,bunt_stretched_mesh_size_value,double precision,NO,
ros_ps,gear_specifications,bunt_stretched_mesh_size_unit,character varying(3),NO,
ros_ps,gear_specifications,mid_net_stretched_mesh_size_value,double precision,NO,
ros_ps,gear_specifications,mid_net_stretched_mesh_size_unit,character varying(3),NO,
ros_ps,gear_specifications,power_block,character varying(5),NO,
ros_ps,gear_specifications,purse_winch,character varying(5),NO,
ros_ps,object_details,id,integer,YES,
ros_ps,object_details,buoy_identifier,character varying(255),NO,
ros_ps,object_details,fad_raft_design_code,character(2),NO,
ros_ps,object_details,fad_tail_design_code,character(2),NO,
ros_ps,object_details,equipped_with_artificial_lights_at_deploy,character varying(5),NO,
ros_ps,object_details,equipped_with_artificial_lights_on_retrieval,character varying(5),NO,
ros_ps,setting_operations,id,integer,YES,
ros_ps,setting_operations,maximum_closing_net_depth,double precision,NO,
ros_ps,setting_operations,school_size,double precision,NO,
ros_ps,setting_operations,start_setting_date_and_time,timestamp(6) without time zone,NO,
ros_ps,setting_operations,time_end_brailing,timestamp(6) without time zone,NO,
ros_ps,setting_operations,time_net_pursed,timestamp(6) without time zone,NO,
ros_ps,setting_operations,time_skiff_onboard,timestamp(6) without time zone,NO,
ros_ps,setting_operations,time_start_brailing,timestamp(6) without time zone,NO,
ros_ps,setting_operations,start_setting_latitude,double precision,NO,
ros_ps,setting_operations,start_setting_longitude,double precision,NO,
ros_ps,setting_operations,ps_object_detail_id,integer,NO,
ros_ps,setting_operations,first_school_detection_method_code,character(2),NO,
ros_ps,setting_operations_cl_school_sighting_cues,setting_operation_id,integer,YES,
ros_ps,setting_operations_cl_school_sighting_cues,school_sighting_cue_code,character(2),YES,
ros_ps,specimens,id,integer,YES,
ros_ps,specimens,specimen_original_id,character varying(255),YES,
ros_ps,specimens,additional_catch_details_on_ssis_id,integer,NO,
ros_ps,specimens,additional_specimen_details_non_target_species_id,integer,NO,
ros_ps,specimens,biometric_information_id,integer,NO,
ros_ps,specimens,tag_detail_id,integer,NO,
ros_ps,specimens,catch_detail_id,integer,NO,
ros_ps,tag_details,id,integer,YES,
ros_ps,tag_details,alternate_tag_original_id,character varying(255),NO,
ros_ps,tag_details,tag_original_id,character varying(255),NO,
ros_ps,tag_details,well,integer,NO,
ros_ps,tag_details,tag_type_code,character(2),NO,
ros_ps,tag_details,tag_finder_id,integer,NO,
ros_ps,tag_details,tag_recovery,character varying(5),NO,
ros_ps,tag_details,tag_release,character varying(5),NO,
ros_ll,additional_catch_details_on_ssi,id,integer,YES,
ros_ll,additional_catch_details_on_ssi,bait_type,character varying(255),NO,
ros_ll,additional_catch_details_on_ssi,photo_id,character varying(255),NO,
ros_ll,additional_catch_details_on_ssi,bait_condition_code,character(2),NO,
ros_ll,additional_catch_details_on_ssi,dehooker_device_code,character(2),NO,
ros_ll,additional_catch_details_on_ssi,gear_interaction_code,character(2),NO,
ros_ll,additional_catch_details_on_ssi,handling_method_code,character(2),NO,
ros_ll,additional_catch_details_on_ssi,leader_material_type_code,character(2),NO,
ros_ll,additional_catch_details_on_ssi,hook_type_code,character(3),NO,
ros_ll,additional_catch_details_on_ssi,leader_thickness_value,double precision,NO,
ros_ll,additional_catch_details_on_ssi,leader_thickness_unit,character varying(3),NO,
ros_ll,additional_catch_details_on_ssi,brought_on_board,character varying(5),NO,
ros_ll,additional_catch_details_on_ssi,light_attached_to_branchline,character varying(5),NO,
ros_ll,additional_catch_details_on_ssi,revival,character varying(5),NO,
ros_ll,baits_by_conditions,id,integer,YES,
ros_ll,baits_by_conditions,dye_colour,character varying(255),NO,
ros_ll,baits_by_conditions,ratio,double precision,NO,
ros_ll,baits_by_conditions,setting_operation_id,integer,YES,
ros_ll,baits_by_conditions,bait_condition_code,character(2),NO,
ros_ll,baits_by_conditions,species_code,character varying(16),NO,
ros_ll,biteoffs_by_branchlines_set,id,integer,YES,
ros_ll,biteoffs_by_branchlines_set,branchline_configuration_number,integer,NO,
ros_ll,biteoffs_by_branchlines_set,number_of_biteoffs,integer,NO,
ros_ll,biteoffs_by_branchlines_set,hauling_operation_id,integer,YES,
ros_ll,branchline_configurations,id,integer,YES,
ros_ll,branchline_configurations,configuration_number,integer,NO,
ros_ll,branchline_configurations,gear_specification_id,integer,YES,
ros_ll,branchline_configurations_storage,branchline_configuration_id,integer,YES,
ros_ll,branchline_configurations_storage,branchline_storage_code,character(2),YES,
ros_ll,branchline_sections,id,integer,YES,
ros_ll,branchline_sections,section_number,integer,NO,
ros_ll,branchline_sections,branchline_configuration_id,integer,YES,
ros_ll,branchline_sections,branchline_material_type_code,character(2),NO,
ros_ll,branchline_sections,diameter_value,double precision,NO,
ros_ll,branchline_sections,diameter_unit,character varying(3),NO,
ros_ll,branchline_sections,length_value,double precision,NO,
ros_ll,branchline_sections,length_unit,character varying(3),NO,
ros_ll,branchlines_set,id,integer,YES,
ros_ll,branchlines_set,branchline_configuration_number,integer,NO,
ros_ll,branchlines_set,number_of_branchlines,integer,NO,
ros_ll,branchlines_set,setting_operation_id,integer,YES,
ros_ll,catch_details,id,integer,YES,
ros_ll,catch_details,catch_detail_original_id,character varying(255),YES,
ros_ll,catch_details,comments,text,NO,
ros_ll,catch_details,estimated_catch_in_numbers,integer,NO,
ros_ll,catch_details,fishing_event_id,integer,NO,
ros_ll,catch_details,type_of_fate_code,character(2),NO,
ros_ll,catch_details,estimated_weight_sampling_method_code,character(2),NO,
ros_ll,catch_details,fates_code,character(2),NO,
ros_ll,catch_details,species_code,character varying(16),NO,
ros_ll,catch_details,estimated_weight_value,double precision,NO,
ros_ll,catch_details,estimated_weight_unit,character varying(3),NO,
ros_ll,catch_details,estimated_weight_type_of_measurement_code,character(2),NO,
ros_ll,catch_details,estimated_weight_processing_type_code,character(2),NO,
ros_ll,catch_details,estimated_weight_method_code,character(2),NO,
ros_ll,fishing_events,id,integer,YES,
ros_ll,fishing_events,comments,text,NO,
ros_ll,fishing_events,event_original_id,character varying(255),NO,
ros_ll,fishing_events,hauling_operation_id,integer,NO,
ros_ll,fishing_events,mitigation_measure_id,integer,NO,
ros_ll,fishing_events,setting_operation_id,integer,NO,
ros_ll,fishing_events,trip_id,integer,YES,
ros_ll,floatlines,id,integer,YES,
ros_ll,floatlines,floatline_number,integer,NO,
ros_ll,floatlines,setting_operation_id,integer,YES,
ros_ll,floatlines,floatline_length_value,double precision,NO,
ros_ll,floatlines,floatline_length_unit,character varying(3),NO,
ros_ll,gear_specifications,id,integer,YES,
ros_ll,gear_specifications,storage,character varying(255),NO,
ros_ll,gear_specifications,tori_line_detail_id,integer,NO,
ros_ll,gear_specifications,trip_id,integer,YES,
ros_ll,gear_specifications,bait_casting_machine,character varying(5),NO,
ros_ll,gear_specifications,line_hauler,character varying(5),NO,
ros_ll,gear_specifications,line_setter,character varying(5),NO,
ros_ll,gear_specifications_mitigation_device,gear_specification_id,integer,YES,
ros_ll,gear_specifications_mitigation_device,mitigation_device_code,character(2),YES,
ros_ll,hauling_offal_disposal_positions,hauling_operation_id,integer,YES,
ros_ll,hauling_offal_disposal_positions,offal_disposal_position,character varying(255),YES,
ros_ll,hauling_operations,id,integer,YES,
ros_ll,hauling_operations,end_hauling_date_and_time,timestamp(6) without time zone,NO,
ros_ll,hauling_operations,number_of_hooks_observed,integer,NO,
ros_ll,hauling_operations,offal_management,character varying(255),NO,
ros_ll,hauling_operations,start_hauling_date_and_time,timestamp(6) without time zone,NO,
ros_ll,hauling_operations,end_hauling_latitude,double precision,NO,
ros_ll,hauling_operations,end_hauling_longitude,double precision,NO,
ros_ll,hauling_operations,start_hauling_latitude,double precision,NO,
ros_ll,hauling_operations,start_hauling_longitude,double precision,NO,
ros_ll,hauling_operations,sampling_protocol_code,character(2),NO,
ros_ll,hauling_operations,bird_scaring_device_at_hauler,character varying(5),NO,
ros_ll,hooks_by_type,id,integer,YES,
ros_ll,hooks_by_type,percentage_of_set,double precision,NO,
ros_ll,hooks_by_type,variations,character varying(255),NO,
ros_ll,hooks_by_type,setting_operation_id,integer,YES,
ros_ll,hooks_by_type,hook_type_code,character(3),NO,
ros_ll,leader_set,id,integer,YES,
ros_ll,leader_set,setting_operation_id,integer,YES,
ros_ll,leader_set,leader_material_type_code,character(2),YES,
ros_ll,leader_set,percentage_of_branchline,double precision,YES,
ros_ll,leader_set,total_branchline_minimum_length_value,double precision,YES,
ros_ll,leader_set,total_branchline_minimum_length_unit,character varying(3),YES,
ros_ll,leader_set,total_branchline_maximum_length_value,double precision,YES,
ros_ll,leader_set,total_branchline_maximum_length_unit,character varying(3),YES,
ros_ll,lights_by_type_and_colour,id,integer,YES,
ros_ll,lights_by_type_and_colour,number_of_lights_by_type_and_colour,integer,NO,
ros_ll,lights_by_type_and_colour,setting_operation_id,integer,YES,
ros_ll,lights_by_type_and_colour,light_colour_code,character(2),NO,
ros_ll,lights_by_type_and_colour,light_type_code,character(2),NO,
ros_ll,mitigation_measures,id,integer,YES,
ros_ll,mitigation_measures,number_of_tori_lines_deployed,integer,NO,
ros_ll,mitigation_measures,percentage_of_branchlines_weighted,double precision,NO,
ros_ll,mitigation_measures,hook_sinker_distance_value,double precision,NO,
ros_ll,mitigation_measures,hook_sinker_distance_unit,character varying(3),NO,
ros_ll,mitigation_measures,average_sinker_weight_value,double precision,NO,
ros_ll,mitigation_measures,average_sinker_weight_unit,character varying(3),NO,
ros_ll,mitigation_measures,branchline_weighted,character varying(5),NO,
ros_ll,mitigation_measures,hooks_set_between_dusk_and_dawn,character varying(5),NO,
ros_ll,mitigation_measures,minimum_deck_lighting_used,character varying(5),NO,
ros_ll,mitigation_measures,hooks_pods,character varying(5),NO,
ros_ll,mitigation_measures_mitigation_devices,mitigation_measure_id,integer,YES,
ros_ll,mitigation_measures_mitigation_devices,mitigation_device_code,character(2),YES,
ros_ll,setting_operations,id,integer,YES,
ros_ll,setting_operations,branchline_clip_on_time,double precision,NO,
ros_ll,setting_operations,buoys_clip_on_time,double precision,NO,
ros_ll,setting_operations,distance_between_branchlines,double precision,NO,
ros_ll,setting_operations,end_setting_date_and_time,timestamp(6) without time zone,NO,
ros_ll,setting_operations,number_of_hooks_set_between_floats,integer,NO,
ros_ll,setting_operations,number_of_shark_lines_set,integer,NO,
ros_ll,setting_operations,start_setting_date_and_time,timestamp(6) without time zone,NO,
ros_ll,setting_operations,total_number_of_floats_set,integer,NO,
ros_ll,setting_operations,total_number_of_hooks_set,integer,NO,
ros_ll,setting_operations,total_radio_dhan_buoys_set,integer,NO,
ros_ll,setting_operations,end_setting_latitude,double precision,NO,
ros_ll,setting_operations,end_setting_longitude,double precision,NO,
ros_ll,setting_operations,start_setting_latitude,double precision,NO,
ros_ll,setting_operations,start_setting_longitude,double precision,NO,
ros_ll,setting_operations,mainline_set_length_value,double precision,NO,
ros_ll,setting_operations,mainline_set_length_unit,character varying(3),NO,
ros_ll,setting_operations,vessel_speed_value,double precision,NO,
ros_ll,setting_operations,vessel_speed_unit,character varying(3),NO,
ros_ll,setting_operations,line_setter_speed_value,double precision,NO,
ros_ll,setting_operations,line_setter_speed_unit,character varying(3),NO,
ros_ll,setting_operations,shark_lines_set,character varying(5),NO,
ros_ll,setting_operations_target_species,setting_operation_id,integer,YES,
ros_ll,setting_operations_target_species,target_species_code,character varying(16),YES,
ros_ll,specimens,id,integer,YES,
ros_ll,specimens,sampling_period,character varying(255),NO,
ros_ll,specimens,specimen_original_id,character varying(255),YES,
ros_ll,specimens,additional_catch_details_on_ssis_id,integer,NO,
ros_ll,specimens,additional_specimen_details_non_target_species_id,integer,NO,
ros_ll,specimens,biometric_information_id,integer,NO,
ros_ll,specimens,depredation_detail_id,integer,NO,
ros_ll,specimens,tag_detail_id,integer,NO,
ros_ll,specimens,catch_detail_id,integer,NO,
ros_ll,tag_details,id,integer,YES,
ros_ll,tag_details,alternate_tag_original_id,character varying(255),NO,
ros_ll,tag_details,tag_original_id,character varying(255),NO,
ros_ll,tag_details,tag_type_code,character(2),NO,
ros_ll,tag_details,tag_finder_id,integer,NO,
ros_ll,tag_details,tag_recovery,character varying(5),NO,
ros_ll,tag_details,tag_release,character varying(5),NO,
ros_ll,tori_line_details,id,integer,YES,
ros_ll,tori_line_details,number_of_streamers_per_line,integer,NO,
ros_ll,tori_line_details,streamer_type,character varying(255),NO,
ros_ll,tori_line_details,towed_objects_number,integer,NO,
ros_ll,tori_line_details,towed_objects_type,character varying(255),NO,
ros_ll,tori_line_details,streamer_distance_value,double precision,NO,
ros_ll,tori_line_details,streamer_distance_unit,character varying(3),NO,
ros_ll,tori_line_details,attached_height_value,double precision,NO,
ros_ll,tori_line_details,attached_height_unit,character varying(3),NO,
ros_ll,tori_line_details,tori_line_length_value,double precision,NO,
ros_ll,tori_line_details,tori_line_length_unit,character varying(3),NO,
ros_ll,tori_line_details,streamer_line_length_max_value,double precision,NO,
ros_ll,tori_line_details,streamer_line_length_max_unit,character varying(3),NO,
ros_ll,tori_line_details,streamer_line_length_min_value,double precision,NO,
ros_ll,tori_line_details,streamer_line_length_min_unit,character varying(3),NO,
ros_ll,tori_line_details,streamers_reach_surface,character varying(5),NO,
ros_pl,additional_catch_details_on_ssi,id,integer,YES,
ros_pl,additional_catch_details_on_ssi,photo_id,character varying(255),NO,
ros_pl,additional_catch_details_on_ssi,gear_interaction_code,character(2),NO,
ros_pl,additional_catch_details_on_ssi,handling_method_code,character(2),NO,
ros_pl,additional_catch_details_on_ssi,brought_on_board,character varying(5),NO,
ros_pl,additional_catch_details_on_ssi,revival,character varying(5),NO,
ros_pl,bait_fishing_event_pl_catch_detail,bait_fishing_event_id,integer,YES,
ros_pl,bait_fishing_events,id,integer,YES,
ros_pl,bait_fishing_events,comments,text,NO,
ros_pl,bait_fishing_events,event_original_id,character varying(255),NO,
ros_pl,bait_fishing_events,bait_fishing_operation_id,integer,NO,
ros_pl,bait_fishing_events,trip_id,integer,YES,
ros_pl,bait_fishing_operations,id,integer,YES,
ros_pl,bait_fishing_operations,end_event_date_and_time,timestamp(6) without time zone,NO,
ros_pl,bait_fishing_operations,number_of_fishers,integer,NO,
ros_pl,bait_fishing_operations,start_event_date_and_time,timestamp(6) without time zone,NO,
ros_pl,bait_fishing_operations,start_event_latitude,double precision,NO,
ros_pl,bait_fishing_operations,start_event_longitude,double precision,NO,
ros_pl,bait_fishing_operations,bait_fishing_method_code,character(2),NO,
ros_pl,bait_fishing_operations,sampling_protocol_code,character(2),NO,
ros_pl,bait_fishing_operations,event_depth_value,double precision,NO,
ros_pl,bait_fishing_operations,event_depth_unit,character varying(3),NO,
ros_pl,baits_and_conditions,id,integer,YES,
ros_pl,baits_and_conditions,bait_condition_code,character(2),NO,
ros_pl,baits_and_conditions,species_code,character varying(16),NO,
ros_pl,catch_details,id,integer,YES,
ros_pl,catch_details,comments,text,NO,
ros_pl,catch_details,estimated_catch_in_numbers,integer,NO,
ros_pl,catch_details,type_of_fate_code,character(2),YES,
ros_pl,catch_details,estimated_weight_sampling_method_code,character(2),NO,
ros_pl,catch_details,fates_code,character(2),NO,
ros_pl,catch_details,species_code,character varying(16),NO,
ros_pl,catch_details,estimated_weight_value,double precision,NO,
ros_pl,catch_details,estimated_weight_unit,character varying(3),NO,
ros_pl,catch_details,estimated_weight_type_of_measurement_code,character(2),NO,
ros_pl,catch_details,estimated_weight_processing_type_code,character(2),NO,
ros_pl,catch_details,estimated_weight_method_code,character(2),NO,
ros_pl,gear_specifications,id,integer,YES,
ros_pl,gear_specifications,trip_id,integer,YES,
ros_pl,gear_specifications,live_bait_tanks_capacity,double precision,NO,
ros_pl,gear_specifications,number_of_automatic_poles,integer,NO,
ros_pl,gear_specifications,number_of_anglers,integer,NO,
ros_pl,gear_specifications,pole_material,character varying(255),NO,
ros_pl,gear_specifications,pole_material_description,text,NO,
ros_pl,gear_specifications,hook_type_code,character(3),NO,
ros_pl,lures_or_jiggers_by_type,id,integer,YES,
ros_pl,lures_or_jiggers_by_type,lure_type,character varying(255),NO,
ros_pl,lures_or_jiggers_by_type,make,character varying(255),NO,
ros_pl,lures_or_jiggers_by_type,hook_type_code,character(3),NO,
ros_pl,lures_or_jiggers_by_type,gear_specification_id,integer,YES,
ros_pl,object_details,id,integer,YES,
ros_pl,object_details,buoy_identifier,character varying(255),NO,
ros_pl,specimens,id,integer,YES,
ros_pl,specimens,specimen_original_id,character varying(255),YES,
ros_pl,specimens,additional_catch_details_on_ssis_id,integer,NO,
ros_pl,specimens,additional_specimen_details_non_target_species_id,integer,NO,
ros_pl,specimens,biometric_information_id,integer,NO,
ros_pl,specimens,depredation_detail_id,integer,NO,
ros_pl,specimens,tag_detail_id,integer,NO,
ros_pl,specimens,catch_detail_id,integer,YES,
ros_pl,tag_details,id,integer,YES,
ros_pl,tag_details,alternate_tag_original_id,character varying(255),NO,
ros_pl,tag_details,tag_original_id,character varying(255),NO,
ros_pl,tag_details,tag_type_code,character(2),NO,
ros_pl,tag_details,tag_finder_id,integer,NO,
ros_pl,tag_details,tag_recovery,character varying(5),NO,
ros_pl,tag_details,tag_release,character varying(5),NO,
ros_pl,tuna_fishing_event_pl_catch_detail,tuna_fishing_event_id,integer,YES,
ros_pl,tuna_fishing_event_pl_catch_detail,catch_detail_id,integer,YES,
ros_pl,tuna_fishing_events,id,integer,YES,
ros_pl,tuna_fishing_events,comments,text,NO,
ros_pl,tuna_fishing_events,event_original_id,character varying(255),NO,
ros_pl,tuna_fishing_events,object_detail_id,integer,NO,
ros_pl,tuna_fishing_events,tuna_fishing_operation_id,integer,NO,
ros_pl,tuna_fishing_events,trip_id,integer,YES,
ros_pl,tuna_fishing_operations,id,integer,YES,
ros_pl,tuna_fishing_operations,end_event_date_and_time,timestamp(6) without time zone,NO,
ros_pl,tuna_fishing_operations,maximum_lines_fishing_at_the_same_time,integer,NO,
ros_pl,tuna_fishing_operations,number_of_hooks_lost,integer,NO,
ros_pl,tuna_fishing_operations,start_event_date_and_time,timestamp(6) without time zone,NO,
ros_pl,tuna_fishing_operations,weight_of_bait_used,double precision,NO,
ros_pl,tuna_fishing_operations,start_event_latitude,double precision,NO,
ros_pl,tuna_fishing_operations,start_event_longitude,double precision,NO,
ros_pl,tuna_fishing_operations,bait_and_condition_id,integer,NO,
ros_pl,tuna_fishing_operations,bait_used,character varying(5),NO,
ros_pl,tuna_fishing_operations_cl_school_sighting_cues,fishing_operation_id,integer,YES,
ros_pl,tuna_fishing_operations_cl_school_sighting_cues,school_sighting_cue_code,character(2),YES,
ros_pl,tuna_fishing_operations_target_species,tuna_fishing_operation_id,integer,YES,
ros_pl,tuna_fishing_operations_target_species,target_species_code,character varying(16),YES,
ros_gn,additional_catch_details_on_ssi,id,integer,YES,
ros_gn,additional_catch_details_on_ssi,photo_id,character varying(255),NO,
ros_gn,additional_catch_details_on_ssi,gear_interaction_code,character(2),NO,
ros_gn,additional_catch_details_on_ssi,handling_method_code,character(2),NO,
ros_gn,additional_catch_details_on_ssi,brought_on_board,character varying(5),NO,
ros_gn,additional_catch_details_on_ssi,revival,character varying(5),NO,
ros_gn,catch_details,id,integer,YES,
ros_gn,catch_details,catch_detail_original_id,character varying(255),YES,
ros_gn,catch_details,comments,text,NO,
ros_gn,catch_details,estimated_catch_in_numbers,integer,NO,
ros_gn,catch_details,fishing_event_id,integer,NO,
ros_gn,catch_details,type_of_fate_code,character(2),YES,
ros_gn,catch_details,estimated_weight_sampling_method_code,character(2),NO,
ros_gn,catch_details,fates_code,character(2),NO,
ros_gn,catch_details,species_code,character varying(16),NO,
ros_gn,catch_details,estimated_weight_value,double precision,NO,
ros_gn,catch_details,estimated_weight_unit,character varying(3),NO,
ros_gn,catch_details,estimated_weight_type_of_measurement_code,character(2),NO,
ros_gn,catch_details,estimated_weight_processing_type_code,character(2),NO,
ros_gn,catch_details,estimated_weight_method_code,character(2),NO,
ros_gn,fishing_events,id,integer,YES,
ros_gn,fishing_events,comments,text,NO,
ros_gn,fishing_events,event_original_id,character varying(255),NO,
ros_gn,fishing_events,hauling_operation_id,integer,NO,
ros_gn,fishing_events,mitigation_measure_id,integer,NO,
ros_gn,fishing_events,setting_operation_id,integer,NO,
ros_gn,fishing_events,trip_id,integer,YES,
ros_gn,gear_specifications,id,integer,YES,
ros_gn,gear_specifications,trip_id,integer,YES,
ros_gn,gear_specifications,net_drum_hauler,character varying(5),NO,
ros_gn,gillnet_configuration,id,integer,YES,
ros_gn,gillnet_configuration,gillnet_sequential_original_id,character varying(255),NO,
ros_gn,gillnet_configuration,hanging_ratio,double precision,NO,
ros_gn,gillnet_configuration,number_of_floats,integer,NO,
ros_gn,gillnet_configuration,total_number_of_panels,integer,NO,
ros_gn,gillnet_configuration,vertical_mesh_count,integer,NO,
ros_gn,gillnet_configuration,gillnet_configuration_id,integer,NO,
ros_gn,gillnet_configuration,float_type_code,character(2),NO,
ros_gn,gillnet_configuration,gillnet_material_type_code,character(2),NO,
ros_gn,gillnet_configuration,net_depth_value,double precision,NO,
ros_gn,gillnet_configuration,net_depth_unit,character varying(3),NO,
ros_gn,gillnet_configuration,distance_between_floats_value,double precision,NO,
ros_gn,gillnet_configuration,distance_between_floats_unit,character varying(3),NO,
ros_gn,gillnet_configuration,droplines_length_value,double precision,NO,
ros_gn,gillnet_configuration,droplines_length_unit,character varying(3),NO,
ros_gn,gillnet_configuration,net_length_value,double precision,NO,
ros_gn,gillnet_configuration,net_length_unit,character varying(3),NO,
ros_gn,gillnet_configuration,droplines_used,character varying(5),NO,
ros_gn,gillnet_configuration,panels_stacked,character varying(5),NO,
ros_gn,gillnet_configuration_net_web_colours,gillnet_configuration_id_nwc,integer,YES,
ros_gn,gillnet_configuration_net_web_colours,net_colour_code,character(2),YES,
ros_gn,gillnet_configuration_stretched_mesh_sizes,gillnet_configuration_id_sms,integer,YES,
ros_gn,gillnet_configuration_stretched_mesh_sizes,stretched_mesh_size_value,double precision,YES,
ros_gn,gillnet_configuration_stretched_mesh_sizes,stretched_mesh_size_unit,character varying(3),YES,
ros_gn,hauling_operations,id,integer,YES,
ros_gn,hauling_operations,end_hauling_date_and_time,timestamp(6) without time zone,NO,
ros_gn,hauling_operations,number_of_net_panels_observed,integer,NO,
ros_gn,hauling_operations,number_of_net_panels_retrieved,integer,NO,
ros_gn,hauling_operations,start_hauling_date_and_time,timestamp(6) without time zone,NO,
ros_gn,hauling_operations,end_hauling_latitude,double precision,NO,
ros_gn,hauling_operations,end_hauling_longitude,double precision,NO,
ros_gn,hauling_operations,start_hauling_latitude,double precision,NO,
ros_gn,hauling_operations,start_hauling_longitude,double precision,NO,
ros_gn,hauling_operations,net_condition_code,character(2),NO,
ros_gn,hauling_operations,sampling_protocol_code,character(2),NO,
ros_gn,mitigation_measures,id,integer,YES,
ros_gn,mitigation_measures,mitigation_measures,character varying(5),NO,
ros_gn,mitigation_measures_mitigation_devices,mitigation_measure_id,integer,YES,
ros_gn,mitigation_measures_mitigation_devices,mitigation_device_code,character(2),YES,
ros_gn,setting_operations,id,integer,YES,
ros_gn,setting_operations,end_setting_date_and_time,timestamp(6) without time zone,NO,
ros_gn,setting_operations,gillnet_sequential_original_id,integer,NO,
ros_gn,setting_operations,start_setting_date_and_time,timestamp(6) without time zone,NO,
ros_gn,setting_operations,vessel_speed,double precision,NO,
ros_gn,setting_operations,end_setting_latitude,double precision,NO,
ros_gn,setting_operations,end_setting_longitude,double precision,NO,
ros_gn,setting_operations,start_setting_latitude,double precision,NO,
ros_gn,setting_operations,start_setting_longitude,double precision,NO,
ros_gn,setting_operations,net_configuration_code,character(2),NO,
ros_gn,setting_operations,net_deploy_depth_code,character(2),NO,
ros_gn,setting_operations,net_setting_strategy_code,character(2),NO,
ros_gn,sinkers_by_type,id,integer,YES,
ros_gn,sinkers_by_type,number,integer,NO,
ros_gn,sinkers_by_type,gillnet_configuration_id,integer,NO,
ros_gn,sinkers_by_type,sinker_material_type_code,character(2),NO,
ros_gn,sinkers_by_type,average_sinker_weight_value,double precision,NO,
ros_gn,sinkers_by_type,average_sinker_weight_unit,character varying(3),NO,
ros_gn,specimens,id,integer,YES,
ros_gn,specimens,specimen_original_id,character varying(255),YES,
ros_gn,specimens,additional_catch_details_on_ssis_id,integer,NO,
ros_gn,specimens,additional_specimen_details_non_target_species_id,integer,NO,
ros_gn,specimens,biometric_information_id,integer,NO,
ros_gn,specimens,depredation_detail_id,integer,NO,
ros_gn,specimens,tag_detail_id,integer,NO,
ros_gn,specimens,catch_detail_id,integer,NO,
ros_gn,tag_details,id,integer,YES,
ros_gn,tag_details,alternate_tag_original_id,character varying(255),NO,
ros_gn,tag_details,tag_original_id,character varying(255),NO,
ros_gn,tag_details,tag_type_code,character(2),NO,
ros_gn,tag_details,tag_finder_id,integer,NO,
ros_gn,tag_details,tag_recovery,character varying(5),NO,
ros_gn,tag_details,tag_release,character varying(5),NO,
refs_admin,countries,code,character(3),YES,
refs_admin,countries,code_iso2,character(2),YES,
refs_admin,countries,code_iso3,character(3),YES,
refs_admin,countries,nocs_category,character varying(255),YES,
refs_admin,countries,name_en,character varying(255),YES,
refs_admin,countries,name_fr,character varying(255),YES,
refs_admin,countries,description_en,character varying(4096),YES,
refs_admin,countries,description_fr,character varying(4096),YES,
refs_admin,cpc_history,cpc_code,character varying(4),YES,
refs_admin,cpc_history,contracting_party,smallint,YES,
refs_admin,cpc_history,acceptance_date,date,YES,
refs_admin,cpc_history,withdrawal_date,date,NO,
refs_admin,cpc_to_flags,cpc_code,character varying(4),YES,
refs_admin,cpc_to_flags,flag_code,character(3),YES,
refs_admin,cpcs,code,character varying(4),YES,
refs_admin,cpcs,name_en,character varying(255),YES,
refs_admin,cpcs,name_fr,character varying(255),YES,
refs_admin,cpcs,is_coastal,smallint,YES,
refs_admin,cpcs,is_sids,smallint,YES,
refs_admin,cpcs,description_fr,character varying(4096),YES,
refs_admin,cpcs,description_en,character varying(4096),YES,
refs_admin,entities,code,character varying(4),YES,
refs_admin,entities,code_iso2,character(2),NO,
refs_admin,entities,code_iso3,character(3),NO,
refs_admin,entities,nocs_category,character varying(255),YES,
refs_admin,entities,name_en,character varying(255),YES,
refs_admin,entities,name_fr,character varying(255),YES,
refs_admin,entities,description_en,character varying(4096),YES,
refs_admin,entities,description_fr,character varying(4096),YES,
refs_admin,fleet_to_flags_and_fisheries,fleet_code,character varying(7),YES,
refs_admin,fleet_to_flags_and_fisheries,reporting_entity_code,character varying(4),YES,
refs_admin,fleet_to_flags_and_fisheries,flag_code,character varying(4),YES,
refs_admin,fleet_to_flags_and_fisheries,iotc_main_area_code,character varying(32),NO,
refs_admin,fleet_to_flags_and_fisheries,fishery_type_code,character(2),NO,
refs_admin,fleet_to_flags_and_fisheries,gear_category_code,character(2),NO,
refs_admin,fleet_to_flags_and_fisheries,gear_code,character varying(16),NO,
refs_admin,fleet_to_flags_and_fisheries,gear_configuration_code,character(2),NO,
refs_admin,fleet_to_flags_and_fisheries,fishing_mode_code,character(2),NO,
refs_admin,fleet_to_flags_and_fisheries,target_species_code,character(2),NO,
refs_admin,fleet_to_flags_and_fisheries,from_year,integer,NO,
refs_admin,fleet_to_flags_and_fisheries,to_year,integer,NO,
refs_admin,fleet_to_flags_and_fisheries,id,bigint,YES,
refs_admin,fleets,code,character varying(7),YES,
refs_admin,fleets,name_en,character varying(100),YES,
refs_admin,fleets,name_fr,character varying(100),NO,
refs_admin,fleets,cpc_code,character varying(4),NO,
refs_admin,fleets,description_fr,character varying(4096),YES,
refs_admin,fleets,description_en,character varying(4096),YES,
refs_admin,ports,code,character varying(16),YES,
refs_admin,ports,country_code,character varying(16),YES,
refs_admin,ports,name_en,character varying(255),YES,
refs_admin,ports,name_fr,character varying(255),NO,
refs_admin,ports,lat,double precision,NO,
refs_admin,ports,lon,double precision,NO,
refs_admin,ports,point,geography,NO,
refs_admin,ports,description_fr,character varying(4096),YES,
refs_admin,ports,description_en,character varying(4096),YES,
refs_admin,species_reporting_requirements,gear_group_code,character(2),YES,
refs_admin,species_reporting_requirements,species_code,character varying(16),YES,
refs_admin,species_reporting_requirements,rav_retention_ban,smallint,YES,
refs_biology,bait_conditions,code,character(2),YES,
refs_biology,bait_conditions,code_orig,character(3),YES,
refs_biology,bait_conditions,name_en,character varying(255),YES,
refs_biology,bait_conditions,name_fr,character varying(255),YES,
refs_biology,fates,type_of_fate_code,character(2),YES,
refs_biology,fates,code,character(2),YES,
refs_biology,fates,name_en,character varying(255),YES,
refs_biology,fates,name_fr,character varying(255),YES,
refs_biology,fates,description_fr,character varying(4096),YES,
refs_biology,fates,description_en,character varying(4096),YES,
refs_biology,fates,code_orig,character(3),YES,
refs_biology,gear_interactions,code,character(2),YES,
refs_biology,gear_interactions,name_en,character varying(255),YES,
refs_biology,gear_interactions,name_fr,character varying(255),YES,
refs_biology,gear_interactions,description_fr,character varying(4096),YES,
refs_biology,gear_interactions,description_en,character varying(4096),YES,
refs_biology,handling_methods,code,character(2),YES,
refs_biology,handling_methods,code_orig,character(2),YES,
refs_biology,handling_methods,name_en,character varying(255),YES,
refs_biology,handling_methods,name_fr,character varying(255),YES,
refs_biology,handling_methods,description_fr,character varying(4096),YES,
refs_biology,handling_methods,description_en,character varying(4096),YES,
refs_biology,incidental_captures_conditions,code,character varying(3),YES,
refs_biology,incidental_captures_conditions,name_en,character varying(512),NO,
refs_biology,incidental_captures_conditions,name_fr,character varying(512),NO,
refs_biology,incidental_captures_conditions,description_fr,character varying(4096),YES,
refs_biology,incidental_captures_conditions,description_en,character varying(4096),YES,
refs_biology,measurement_tools,type_of_measurement_code,character(2),YES,
refs_biology,measurement_tools,code,character(2),YES,
refs_biology,measurement_tools,name_en,character varying(255),YES,
refs_biology,measurement_tools,name_fr,character varying(255),YES,
refs_biology,measurement_tools,description_fr,character varying(4096),YES,
refs_biology,measurement_tools,description_en,character varying(4096),YES,
refs_biology,measurements,type_of_measurement_code,character(2),YES,
refs_biology,measurements,code,character(2),YES,
refs_biology,measurements,name_en,character varying(255),YES,
refs_biology,measurements,description_en,character varying(255),NO,
refs_biology,measurements,name_fr,character varying(255),YES,
refs_biology,measurements,description_fr,character varying(255),NO,
refs_biology,measurements,code_orig,character(3),YES,
refs_biology,recommended_measurements,species_code,character varying(16),YES,
refs_biology,recommended_measurements,type_of_measurement_code,character(2),YES,
refs_biology,recommended_measurements,measurement_code,character(2),YES,
refs_biology,recommended_measurements,default_measurement_interval,smallint,YES,
refs_biology,recommended_measurements,max_measurement_interval,smallint,YES,
refs_biology,recommended_measurements,min_measurement,smallint,YES,
refs_biology,recommended_measurements,max_measurement,smallint,YES,
refs_biology,sampling_methods_for_catch_estimation,code,character(2),YES,
refs_biology,sampling_methods_for_catch_estimation,code_orig,character(3),YES,
refs_biology,sampling_methods_for_catch_estimation,name_en,character varying(255),YES,
refs_biology,sampling_methods_for_catch_estimation,name_fr,character varying(255),YES,
refs_biology,sampling_methods_for_catch_estimation,description_fr,character varying(4096),YES,
refs_biology,sampling_methods_for_catch_estimation,description_en,character varying(4096),YES,
refs_biology,sampling_methods_for_sampling_collections,code,character(2),YES,
refs_biology,sampling_methods_for_sampling_collections,code_orig,character(3),YES,
refs_biology,sampling_methods_for_sampling_collections,name_en,character varying(255),YES,
refs_biology,sampling_methods_for_sampling_collections,name_fr,character varying(255),YES,
refs_biology,sampling_methods_for_sampling_collections,description_fr,character varying(4096),YES,
refs_biology,sampling_methods_for_sampling_collections,description_en,character varying(4096),YES,
refs_biology,sampling_protocols,code,character(2),YES,
refs_biology,sampling_protocols,code_orig,character varying(3),YES,
refs_biology,sampling_protocols,name_en,character varying(255),YES,
refs_biology,sampling_protocols,name_fr,character varying(255),YES,
refs_biology,sampling_protocols,description_fr,character varying(4096),YES,
refs_biology,sampling_protocols,description_en,character varying(4096),YES,
refs_biology,scars,code,character varying(3),YES,
refs_biology,scars,name_en,character varying(512),NO,
refs_biology,scars,name_fr,character varying(512),NO,
refs_biology,scars,description_fr,character varying(4096),YES,
refs_biology,scars,description_en,character varying(4096),YES,
refs_biology,sex,code,character(1),YES,
refs_biology,sex,name_en,character varying(255),YES,
refs_biology,sex,name_fr,character varying(255),YES,
refs_biology,sex,is_determined,smallint,YES,
refs_biology,sex,description_fr,character varying(4096),YES,
refs_biology,sex,description_en,character varying(4096),YES,
refs_biology,sex,code_orig,character(3),YES,
refs_biology,species,code,character varying(16),YES,
refs_biology,species,name_en,character varying(255),NO,
refs_biology,species,name_fr,character varying(255),NO,
refs_biology,species,name_scientific,character varying(255),NO,
refs_biology,species,species_group_code,character varying(16),YES,
refs_biology,species,species_category_code,character varying(16),YES,
refs_biology,species,species_family,character varying(64),NO,
refs_biology,species,species_order,character varying(64),NO,
refs_biology,species,is_iotc,smallint,YES,
refs_biology,species,is_target,smallint,NO,
refs_biology,species,is_ssi,smallint,YES,
refs_biology,species,is_predator,smallint,NO,
refs_biology,species,is_bait,smallint,YES,
refs_biology,species,is_aggregate,smallint,YES,
refs_biology,species,is_asfis,smallint,NO,
refs_biology,species_aggregates,species_aggregate_code,character varying(16),YES,
refs_biology,species_aggregates,species_code,character varying(16),YES,
refs_biology,species_categories,code,character varying(16),YES,
refs_biology,species_categories,name_en,character varying(255),YES,
refs_biology,species_categories,name_fr,character varying(255),YES,
refs_biology,species_categories,description_fr,character varying(4096),YES,
refs_biology,species_categories,description_en,character varying(4096),YES,
refs_biology,species_groups,code,character varying(16),YES,
refs_biology,species_groups,name_en,character varying(255),YES,
refs_biology,species_groups,name_fr,character varying(255),YES,
refs_biology,species_groups,description_fr,character varying(4096),YES,
refs_biology,species_groups,description_en,character varying(4096),YES,
refs_biology,tag_types,code,character(2),YES,
refs_biology,tag_types,code_orig,character varying(16),YES,
refs_biology,tag_types,name_en,character varying(255),YES,
refs_biology,tag_types,name_fr,character varying(255),YES,
refs_biology,tag_types,description_fr,character varying(4096),YES,
refs_biology,tag_types,description_en,character varying(4096),YES,
refs_biology,types_of_fate,code,character(2),YES,
refs_biology,types_of_fate,name_en,character varying(255),YES,
refs_biology,types_of_fate,name_fr,character varying(255),YES,
refs_biology,types_of_fate,description_fr,character varying(4096),YES,
refs_biology,types_of_fate,description_en,character varying(4096),YES,
refs_biology,types_of_measurement,code,character(2),YES,
refs_biology,types_of_measurement,name_en,character varying(255),YES,
refs_biology,types_of_measurement,name_fr,character varying(255),YES,
refs_biology,types_of_measurement,default_unit,character(2),YES,
refs_biology,types_of_measurement,description_fr,character varying(4096),YES,
refs_biology,types_of_measurement,description_en,character varying(4096),YES,
refs_data,datasets,code,character(2),YES,"Unique code identifying the dataset type (e.g., CE, DI, FA)"
refs_data,datasets,name_en,character varying(255),YES,"English label of the dataset type, concise and suitable for code lists"
refs_data,datasets,name_fr,character varying(255),YES,"French label of the dataset type, concise and suitable for code lists"
refs_data,datasets,description_fr,character varying(4096),YES,French description explaining the content and purpose of the dataset
refs_data,datasets,description_en,character varying(4096),YES,English description explaining the content and purpose of the dataset
refs_data,logical_responses,code,character varying(5),YES,
refs_data,logical_responses,name_en,character varying(255),YES,
refs_data,logical_responses,name_fr,character varying(255),YES,
refs_data,logical_responses,description_en,character varying(255),YES,
refs_data,logical_responses,description_fr,character varying(255),YES,
refs_data,processings,dataset_code,character(2),YES,"Type of data: CE = Catch & Effort, FA = FAD-related, DI = Discards, FC = Fishing Crafts, RC = Retained Catches, SF = Fish length/weight frequency"
refs_data,processings,code,character(2),YES,"Short code identifying the processing method (e.g., BR, EP, ES, LS, NO, SB, SP, SS, TE, UN, OR, AR, AU, etc.)"
refs_data,processings,name_en,text,YES,English short name of the processing method
refs_data,processings,name_fr,text,YES,French short name of the processing method
refs_data,processings,description_fr,character varying(4096),YES,"Detailed French description of the processing method, including how data are estimated, sampled, or aggregated"
refs_data,processings,description_en,character varying(4096),YES,"Detailed English description of the processing method, including how data are estimated, sampled, or aggregated"
refs_data,sources,dataset_code,character(2),YES,"Type of data: CE = Catch & Effort, DI = Discards, FA = FAD-related activities, FC = Fishing Crafts, RC = Retained Catches, RO = Regional Observer data, SF = Fish length/weight frequency"
refs_data,sources,code,character(2),YES,"Short code identifying the source within the data type (e.g., EL, LG, OB, RS, TR, UN, GV, RG, PA, PR, CS, EM)"
refs_data,sources,name_en,character varying(255),YES,English description of the source code
refs_data,sources,name_fr,character varying(255),YES,French description of the source code
refs_data,sources,description_fr,character varying(4096),YES,Detailed French description of what the source represents or how the data are collected/monitored
refs_data,sources,description_en,character varying(4096),YES,Detailed English description of what the source represents or how the data are collected/monitored
refs_fishery,bait_fishing_methods,code,character(2),YES,
refs_fishery,bait_fishing_methods,code_orig,character varying(3),YES,
refs_fishery,bait_fishing_methods,name_en,character varying(255),YES,
refs_fishery,bait_fishing_methods,name_fr,character varying(255),YES,
refs_fishery,bait_fishing_methods,description_fr,character varying(4096),YES,
refs_fishery,bait_fishing_methods,description_en,character varying(4096),YES,
refs_fishery,branchline_storages,code,character(2),YES,
refs_fishery,branchline_storages,code_orig,character varying(16),YES,
refs_fishery,branchline_storages,name_en,character varying(255),YES,
refs_fishery,branchline_storages,name_fr,character varying(255),YES,
refs_fishery,branchline_storages,description_fr,character varying(4096),YES,
refs_fishery,branchline_storages,description_en,character varying(4096),YES,
refs_fishery,dehooker_types,code,character(2),YES,
refs_fishery,dehooker_types,name_en,character varying(255),YES,
refs_fishery,dehooker_types,name_fr,character varying(255),YES,
refs_fishery,dehooker_types,description_fr,character varying(4096),YES,
refs_fishery,dehooker_types,description_en,character varying(4096),YES,
refs_fishery,fad_raft_designs,code,character(2),YES,
refs_fishery,fad_raft_designs,code_orig,character varying(3),YES,
refs_fishery,fad_raft_designs,name_en,character varying(255),YES,
refs_fishery,fad_raft_designs,name_fr,character varying(255),YES,
refs_fishery,fad_raft_designs,description_fr,character varying(4096),YES,
refs_fishery,fad_raft_designs,description_en,character varying(4096),YES,
refs_fishery,fad_tail_designs,code,character(2),YES,
refs_fishery,fad_tail_designs,code_orig,character varying(3),YES,
refs_fishery,fad_tail_designs,name_en,character varying(255),YES,
refs_fishery,fad_tail_designs,name_fr,character varying(255),YES,
refs_fishery,fad_tail_designs,description_fr,character varying(4096),YES,
refs_fishery,fad_tail_designs,description_en,character varying(4096),YES,
refs_fishery,fish_preservation_methods,code,character(2),YES,
refs_fishery,fish_preservation_methods,name_en,character varying(255),YES,
refs_fishery,fish_preservation_methods,name_fr,character varying(255),YES,
refs_fishery,fish_preservation_methods,description_fr,character varying(4096),YES,
refs_fishery,fish_preservation_methods,description_en,character varying(4096),YES,
refs_fishery,fish_preservation_methods,code_orig,character(3),YES,
refs_fishery,fish_processing_types,code,character(2),YES,
refs_fishery,fish_processing_types,name_en,character varying(255),YES,
refs_fishery,fish_processing_types,name_fr,character varying(255),YES,
refs_fishery,fish_processing_types,description_fr,character varying(4096),YES,
refs_fishery,fish_processing_types,description_en,character varying(4096),YES,
refs_fishery,fish_storage_types,code,character(2),YES,
refs_fishery,fish_storage_types,name_en,character varying(255),YES,
refs_fishery,fish_storage_types,name_fr,character varying(255),YES,
refs_fishery,fish_storage_types,description_fr,character varying(4096),YES,
refs_fishery,fish_storage_types,description_en,character varying(4096),YES,
refs_fishery,fisheries,code,character varying(64),YES,
refs_fishery,fisheries,name_en,character varying(255),YES,
refs_fishery,fisheries,name_fr,character varying(255),YES,
refs_fishery,fisheries,fishery_category_code,character varying(16),YES,
refs_fishery,fisheries,fishery_type_code,character(2),YES,
refs_fishery,fisheries,gear_code,character varying(16),YES,
refs_fishery,fisheries,gear_configuration_code,character(2),NO,
refs_fishery,fisheries,fishing_mode_code,character(2),NO,
refs_fishery,fisheries,target_species_code,character(2),NO,
refs_fishery,fisheries,iotdb_gear_code,character varying(6),NO,
refs_fishery,fisheries,iotc_fishery_code,character varying(16),NO,
refs_fishery,fisheries,description_fr,character varying(4096),YES,
refs_fishery,fisheries,description_en,character varying(4096),YES,
refs_fishery,float_types,code,character(2),YES,
refs_fishery,float_types,code_orig,character(3),YES,
refs_fishery,float_types,name_en,character varying(255),YES,
refs_fishery,float_types,name_fr,character varying(255),YES,
refs_fishery,float_types,description_fr,character varying(4096),YES,
refs_fishery,float_types,description_en,character varying(4096),YES,
refs_fishery,hook_and_terminal_devices,code,character(3),YES,
refs_fishery,hook_and_terminal_devices,name_en,character varying(255),YES,
refs_fishery,hook_and_terminal_devices,name_fr,character varying(255),YES,
refs_fishery,hook_and_terminal_devices,description_en,character varying(4096),YES,
refs_fishery,hook_and_terminal_devices,description_fr,character varying(4096),YES,
refs_fishery,hull_material_types,code,character(2),YES,
refs_fishery,hull_material_types,code_orig,character(3),YES,
refs_fishery,hull_material_types,name_en,character varying(255),YES,
refs_fishery,hull_material_types,name_fr,character varying(255),YES,
refs_fishery,hull_material_types,description_fr,character varying(4096),YES,
refs_fishery,hull_material_types,description_en,character varying(4096),YES,
refs_fishery,light_colours,code,character(2),YES,
refs_fishery,light_colours,name_en,character varying(255),YES,
refs_fishery,light_colours,name_fr,character varying(255),YES,
refs_fishery,light_colours,description_fr,character varying(4096),YES,
refs_fishery,light_colours,description_en,character varying(4096),YES,
refs_fishery,light_types,code,character(2),YES,
refs_fishery,light_types,name_en,character varying(255),YES,
refs_fishery,light_types,name_fr,character varying(255),YES,
refs_fishery,light_types,description_fr,character varying(4096),YES,
refs_fishery,light_types,description_en,character varying(4096),YES,
refs_fishery,line_material_types,code,character(2),YES,
refs_fishery,line_material_types,code_orig,character(3),YES,
refs_fishery,line_material_types,name_en,character varying(255),YES,
refs_fishery,line_material_types,name_fr,character varying(255),YES,
refs_fishery,line_material_types,description_fr,character varying(4096),YES,
refs_fishery,line_material_types,description_en,character varying(4096),YES,
refs_fishery,mitigation_devices,code,character(2),YES,
refs_fishery,mitigation_devices,code_orig,character(3),YES,
refs_fishery,mitigation_devices,name_en,character varying(255),YES,
refs_fishery,mitigation_devices,name_fr,character varying(255),YES,
refs_fishery,mitigation_devices,description_fr,character varying(4096),YES,
refs_fishery,mitigation_devices,description_en,character varying(4096),YES,
refs_fishery,net_colours,code,character(2),YES,
refs_fishery,net_colours,code_orig,character(3),YES,
refs_fishery,net_colours,name_en,character varying(255),YES,
refs_fishery,net_colours,name_fr,character varying(255),YES,
refs_fishery,net_colours,description_fr,character varying(4096),YES,
refs_fishery,net_colours,description_en,character varying(4096),YES,
refs_fishery,net_conditions,code,character(2),YES,
refs_fishery,net_conditions,code_orig,character(3),YES,
refs_fishery,net_conditions,name_en,character varying(255),YES,
refs_fishery,net_conditions,name_fr,character varying(255),YES,
refs_fishery,net_conditions,description_fr,character varying(4096),YES,
refs_fishery,net_conditions,description_en,character varying(4096),YES,
refs_fishery,net_configurations,code,character(2),YES,
refs_fishery,net_configurations,name_en,character varying(255),YES,
refs_fishery,net_configurations,name_fr,character varying(255),YES,
refs_fishery,net_configurations,description_fr,character varying(4096),YES,
refs_fishery,net_configurations,description_en,character varying(4096),YES,
refs_fishery,net_deploy_depths,code,character(2),YES,
refs_fishery,net_deploy_depths,code_orig,character(3),YES,
refs_fishery,net_deploy_depths,name_en,character varying(255),YES,
refs_fishery,net_deploy_depths,name_fr,character varying(255),YES,
refs_fishery,net_deploy_depths,description_fr,character varying(4096),YES,
refs_fishery,net_deploy_depths,description_en,character varying(4096),YES,
refs_fishery,net_setting_strategies,code,character(2),YES,
refs_fishery,net_setting_strategies,code_orig,character(3),YES,
refs_fishery,net_setting_strategies,name_en,character varying(255),YES,
refs_fishery,net_setting_strategies,name_fr,character varying(255),YES,
refs_fishery,net_setting_strategies,description_fr,character varying(4096),YES,
refs_fishery,net_setting_strategies,description_en,character varying(4096),YES,
refs_fishery,reasons_days_lost,code,character(2),YES,
refs_fishery,reasons_days_lost,code_orig,character(3),YES,
refs_fishery,reasons_days_lost,name_en,character varying(255),YES,
refs_fishery,reasons_days_lost,name_fr,character varying(255),YES,
refs_fishery,reasons_days_lost,description_fr,character varying(4096),YES,
refs_fishery,reasons_days_lost,description_en,character varying(4096),YES,
refs_fishery,school_detection_methods,code,character(2),YES,
refs_fishery,school_detection_methods,code_orig,character varying(3),YES,
refs_fishery,school_detection_methods,name_en,character varying(255),YES,
refs_fishery,school_detection_methods,name_fr,character varying(255),YES,
refs_fishery,school_detection_methods,description_fr,character varying(4096),YES,
refs_fishery,school_detection_methods,description_en,character varying(4096),YES,
refs_fishery,school_sighting_cues,code,character(2),YES,
refs_fishery,school_sighting_cues,code_orig,character varying(4),YES,
refs_fishery,school_sighting_cues,name_en,character varying(255),YES,
refs_fishery,school_sighting_cues,name_fr,character varying(255),YES,
refs_fishery,school_sighting_cues,school_type_category_code,character(2),NO,
refs_fishery,school_sighting_cues,description_fr,character varying(4096),YES,
refs_fishery,school_sighting_cues,description_en,character varying(4096),YES,
refs_fishery,school_type_categories,code,character(2),YES,
refs_fishery,school_type_categories,name_en,character varying(255),YES,
refs_fishery,school_type_categories,name_fr,character varying(255),YES,
refs_fishery,school_type_categories,description_fr,character varying(4096),YES,
refs_fishery,school_type_categories,description_en,character varying(4096),YES,
refs_fishery,sinker_material_types,code,character(2),YES,
refs_fishery,sinker_material_types,code_orig,character(3),YES,
refs_fishery,sinker_material_types,name_en,character varying(255),YES,
refs_fishery,sinker_material_types,name_fr,character varying(255),YES,
refs_fishery,sinker_material_types,description_fr,character varying(4096),YES,
refs_fishery,sinker_material_types,description_en,character varying(4096),YES,
refs_fishery,surface_fishery_activities,code,character(2),YES,
refs_fishery,surface_fishery_activities,name_en,character varying(255),YES,
refs_fishery,surface_fishery_activities,name_fr,character varying(255),YES,
refs_fishery,surface_fishery_activities,pl,smallint,YES,
refs_fishery,surface_fishery_activities,ps,smallint,YES,
refs_fishery,surface_fishery_activities,description_fr,character varying(4096),YES,
refs_fishery,surface_fishery_activities,description_en,character varying(4096),YES,
refs_fishery,vessel_types,code,character(3),YES,
refs_fishery,vessel_types,name_en,character varying(255),YES,
refs_fishery,vessel_types,name_fr,character varying(255),YES,
refs_fishery,vessel_types,description_en,text,YES,
refs_fishery,vessel_types,description_fr,text,YES,
refs_fishery,waste_categories,code,character(2),YES,
refs_fishery,waste_categories,name_en,character varying(255),YES,
refs_fishery,waste_categories,name_fr,character varying(255),YES,
refs_fishery,waste_categories,description_fr,character varying(4096),YES,
refs_fishery,waste_categories,description_en,character varying(4096),YES,
refs_fishery,waste_disposal_methods,code,character(2),YES,
refs_fishery,waste_disposal_methods,name_en,character varying(255),YES,
refs_fishery,waste_disposal_methods,name_fr,character varying(255),YES,
refs_fishery,waste_disposal_methods,description_fr,character varying(4096),YES,
refs_fishery,waste_disposal_methods,description_en,character varying(4096),YES,
refs_fishery_config,areas_of_operation,code,character varying(16),YES,
refs_fishery_config,areas_of_operation,name_en,character varying(64),YES,
refs_fishery_config,areas_of_operation,name_fr,character varying(64),NO,
refs_fishery_config,areas_of_operation,description_en,character varying(512),YES,
refs_fishery_config,areas_of_operation,description_fr,character varying(512),NO,
refs_fishery_config,fishery_categories,code,character varying(16),YES,
refs_fishery_config,fishery_categories,name_en,character varying(255),YES,
refs_fishery_config,fishery_categories,name_fr,character varying(255),YES,
refs_fishery_config,fishery_categories,description_en,character varying(512),YES,
refs_fishery_config,fishery_categories,description_fr,character varying(512),YES,
refs_fishery_config,fishery_categories,rav_vessels,smallint,YES,
refs_fishery_config,fishery_categories,minimum_grid_size,character(9),NO,
refs_fishery_config,fishery_purposes,code,character(3),YES,
refs_fishery_config,fishery_purposes,name_en,character varying(64),YES,
refs_fishery_config,fishery_purposes,name_fr,character varying(64),YES,
refs_fishery_config,fishery_purposes,description_en,character varying(512),YES,
refs_fishery_config,fishery_purposes,description_fr,character varying(512),YES,
refs_fishery_config,fishery_types,code,character(2),YES,
refs_fishery_config,fishery_types,purpose_code,character(3),YES,
refs_fishery_config,fishery_types,area_of_operation_code,character varying(16),YES,
refs_fishery_config,fishery_types,loa_class_code,character varying(16),YES,
refs_fishery_config,fishery_types,name_en,character varying(255),YES,
refs_fishery_config,fishery_types,name_fr,character varying(255),YES,
refs_fishery_config,fishery_types,description_en,character varying(512),YES,
refs_fishery_config,fishery_types,description_fr,character varying(512),YES,
refs_fishery_config,fishing_modes,code,character(2),YES,
refs_fishery_config,fishing_modes,name_en,character varying(255),YES,
refs_fishery_config,fishing_modes,name_fr,character varying(255),YES,
refs_fishery_config,fishing_modes,description_en,character varying(512),YES,
refs_fishery_config,fishing_modes,description_fr,character varying(512),YES,
refs_fishery_config,gear_configurations,code,character(2),YES,
refs_fishery_config,gear_configurations,name_en,character varying(255),YES,
refs_fishery_config,gear_configurations,name_fr,character varying(255),YES,
refs_fishery_config,gear_configurations,description_en,character varying(512),YES,
refs_fishery_config,gear_configurations,description_fr,character varying(512),YES,
refs_fishery_config,gear_fishery_type_to_configuration,gear_code,character varying(16),YES,
refs_fishery_config,gear_fishery_type_to_configuration,fishery_type_code,character(2),YES,
refs_fishery_config,gear_fishery_type_to_configuration,gear_configuration_code,character(2),YES,
refs_fishery_config,gear_fishery_type_to_fishing_mode,gear_code,character varying(16),YES,
refs_fishery_config,gear_fishery_type_to_fishing_mode,fishery_type_code,character(2),YES,
refs_fishery_config,gear_fishery_type_to_fishing_mode,fishing_mode_code,character(2),YES,
refs_fishery_config,gear_groups,code,character(2),YES,
refs_fishery_config,gear_groups,name_en,character varying(255),YES,
refs_fishery_config,gear_groups,name_fr,character varying(255),YES,
refs_fishery_config,gear_groups,description_en,character varying(512),YES,
refs_fishery_config,gear_groups,description_fr,character varying(512),YES,
refs_fishery_config,gear_to_fishery_type,gear_code,character varying(16),YES,
refs_fishery_config,gear_to_fishery_type,fishery_type_code,character(2),YES,
refs_fishery_config,gear_to_target_species,gear_code,character varying(16),YES,
refs_fishery_config,gear_to_target_species,target_species_code,character(2),YES,
refs_fishery_config,gears,code,character varying(16),YES,
refs_fishery_config,gears,gear_group_code,character(2),YES,
refs_fishery_config,gears,isscfg_code,character varying(5),YES,
refs_fishery_config,gears,name_en,character varying(255),YES,
refs_fishery_config,gears,name_fr,character varying(255),YES,
refs_fishery_config,gears,description_en,text,YES,
refs_fishery_config,gears,description_fr,text,YES,
refs_fishery_config,gears,code_orig,character(3),YES,
refs_fishery_config,loa_classes,code,character varying(16),YES,
refs_fishery_config,loa_classes,name_en,character varying(64),NO,
refs_fishery_config,loa_classes,name_fr,character varying(64),NO,
refs_fishery_config,loa_classes,description_en,character varying(512),NO,
refs_fishery_config,loa_classes,description_fr,character varying(512),NO,
refs_fishery_config,target_species,code,character(2),YES,
refs_fishery_config,target_species,name_en,character varying(255),YES,
refs_fishery_config,target_species,name_fr,character varying(255),YES,
refs_fishery_config,target_species,description_en,character varying(294),YES,
refs_fishery_config,target_species,description_fr,character varying(512),YES,
refs_gis,area_intersections,source_code,character varying(32),YES,
refs_gis,area_intersections,target_code,character varying(32),YES,
refs_gis,area_intersections,source_area_km2,bigint,YES,
refs_gis,area_intersections,target_area_km2,bigint,YES,
refs_gis,area_intersections,intersection_area_km2,bigint,YES,
refs_gis,area_intersections,source_rel_intersection,"numeric(10,9)",YES,
refs_gis,area_intersections,target_rel_intersection,"numeric(10,9)",YES,
refs_gis,area_intersections,intersection_area,geography,NO,
refs_gis,area_intersections,description_fr,character varying(4096),YES,
refs_gis,area_intersections,description_en,character varying(4096),YES,
refs_gis,area_types,code,character(9),YES,
refs_gis,area_types,name_en,character varying(512),YES,
refs_gis,area_types,name_fr,character varying(512),YES,
refs_gis,area_types,fishing_ground_prefix,character(1),NO,
refs_gis,area_types,description_fr,character varying(4096),YES,
refs_gis,area_types,description_en,character varying(4096),YES,
refs_gis,areas,code,character varying(32),YES,
refs_gis,areas,area_type_code,character(9),YES,
refs_gis,areas,label_en,character varying(512),YES,
refs_gis,areas,label_fr,character varying(512),YES,
refs_gis,areas,name_en,character varying(512),YES,
refs_gis,areas,name_fr,character varying(512),YES,
refs_gis,areas,land_area_km2,double precision,YES,
refs_gis,areas,ocean_area_km2,bigint,YES,
refs_gis,areas,ocean_area_io_km2,bigint,YES,
refs_gis,areas,ocean_area_iotc_km2,bigint,YES,
refs_gis,areas,area_geometry,geometry,YES,
refs_gis,areas,center_lat,double precision,YES,
refs_gis,areas,center_lon,double precision,YES,
refs_gis,areas,area_geometry_old,geometry,NO,
refs_gis,areas,description_fr,character varying(4096),YES,
refs_gis,areas,description_en,character varying(4096),YES,
refs_meta,codelists_versions,cl_schema,character varying(255),YES,
refs_meta,codelists_versions,cl_name,character varying(255),YES,
refs_meta,codelists_versions,version,integer,YES,
refs_meta,codelists_versions,last_update,timestamp without time zone,YES,
refs_meta,codelists_versions,url,text,NO,
refs_meta,codelists_versions,current_doi,text,YES,
