schema,table,column,type,mandatory,comment,foreign_key
ros_meta,contact,id,integer,YES,,
ros_meta,contact,full_name,character varying(255),YES,,
ros_meta,contact,nationality_code,character(3),NO,,refs_admin.countries.code
ros_meta,focal_point,contact_id,integer,YES,,ros_meta.contact.id
ros_meta,focal_point,email,character varying(255),NO,,
ros_meta,focal_point,organisation_name,character varying(1024),NO,,
ros_meta,focal_point,comment,character varying(1024),NO,,
ros_meta,observer,contact_id,integer,YES,,ros_meta.contact.id
ros_meta,observer,iotc_observer_identifier,character varying(255),YES,,
ros_meta,observer,national_observer_id,character varying(255),NO,,
ros_meta,observer_accreditation,observer_id,integer,YES,,ros_meta.observer.contact_id
ros_meta,observer_accreditation,accreditation_year,integer,NO,,
ros_meta,observer_accreditation,accredited_by,character varying(255),NO,,refs_admin.countries.code
ros_meta,observer_accreditation,deregistered_date,date,NO,,
ros_meta,observer_identifier_mapping,legacy_iotc_observer_identifier,character varying(16),YES,,
ros_meta,observer_identifier_mapping,iotc_observer_identifier,character varying(16),YES,,ros_meta.observer.iotc_observer_identifier
ros_meta,vessel,id,integer,YES,,
ros_meta,vessel,imo_identifier,character varying(255),NO,,
ros_meta,vessel,iotc_vessel_identifier,character varying(255),YES,,
ros_meta,vessel,ircs_identifier,character varying(255),NO,,
ros_meta,vessel,vessel_name,character varying(255),YES,,
ros_meta,vessel,registration_identifier,character varying(255),NO,,
ros_meta,vessel,main_fishing_gear_code,character varying(16),YES,,refs_fishery_config.gears.code
ros_meta,vessel,flag_code,character(3),NO,,refs_admin.countries.code
ros_meta,vessel,port_code,character varying(16),NO,,refs_admin.ports.code
ros_meta,vessel_licensed_target_species,vessel_id,integer,YES,,ros_meta.vessel.id
ros_meta,vessel_licensed_target_species,licensed_target_species_code,character varying(16),NO,,refs_biology.species.code
ros_common,additional_details_on_non_target_species,id,integer,YES,,
ros_common,additional_details_on_non_target_species,condition_at_capture_code,character varying(3),NO,,refs_biology.incidental_captures_conditions.code
ros_common,additional_details_on_non_target_species,condition_at_release_code,character varying(3),NO,,refs_biology.incidental_captures_conditions.code
ros_common,biometric_information,id,integer,YES,,
ros_common,biometric_information,bio_collection_sampling_method_code,character(2),NO,,refs_biology.sampling_methods_for_sampling_collections.code
ros_common,biometric_information,sex_code,character(1),NO,,refs_biology.sex.code
ros_common,biometric_information,estimated_weight_value,double precision,NO,,
ros_common,biometric_information,estimated_weight_unit,character varying(3),NO,,
ros_common,biometric_information,estimated_weight_type_of_measurement_code,character(2),NO,,
ros_common,biometric_information,estimated_weight_processing_type_code,character(2),NO,,
ros_common,biometric_information,estimated_weight_weight_estimation_method_code,character(2),NO,,
ros_common,biometric_information,maturity_stage_level,integer,NO,,
ros_common,biometric_information,maturity_stage_scale,character varying(255),NO,,
ros_common,biometric_information,alternative_measured_length_value,double precision,NO,,
ros_common,biometric_information,alternative_measured_length_unit,character varying(3),NO,,
ros_common,biometric_information,alternative_measured_length_straight,boolean,NO,,
ros_common,biometric_information,alternative_measured_length_type_of_measurement_code,character(2),NO,,refs_biology.measurements.type_of_measurement_code
ros_common,biometric_information,alternative_measured_length_type_of_measurement_code,character(2),NO,,refs_biology.measurement_tools.type_of_measurement_code
ros_common,biometric_information,alternative_measured_length_measured_length_type_code,character(2),NO,,refs_biology.measurements.code
ros_common,biometric_information,alternative_measured_length_length_measuring_tool_code,character(2),NO,,refs_biology.measurement_tools.code
ros_common,biometric_information,measured_length_value,double precision,NO,,
ros_common,biometric_information,measured_length_unit,character varying(3),NO,,
ros_common,biometric_information,measured_length_straight,boolean,NO,,
ros_common,biometric_information,measured_length_type_of_measurement_code,character(2),NO,,refs_biology.measurements.type_of_measurement_code
ros_common,biometric_information,measured_length_type_of_measurement_code,character(2),NO,,refs_biology.measurement_tools.type_of_measurement_code
ros_common,biometric_information,measured_length_measured_length_type_code,character(2),NO,,refs_biology.measurements.code
ros_common,biometric_information,measured_length_length_measuring_tool_code,character(2),NO,,refs_biology.measurement_tools.code
ros_common,biometric_information,sample_collection_detail_destination,character varying(255),NO,,
ros_common,biometric_information,sample_collection_detail_preservation_method,text,NO,,
ros_common,biometric_information,sample_collection_detail_sample_type,character varying(255),NO,,
ros_common,depredation_details,id,integer,YES,,
ros_common,depredation_details,depredation_source_code,character varying(3),NO,,refs_biology.scars.code
ros_common,depredation_details,predator_observed_code,character varying(16),NO,,refs_biology.species.code
ros_common,observer_data,id,integer,YES,Technical identifier of the observer data,
ros_common,observer_data,vessel_type_code,character(3),YES,,refs_fishery.vessel_types.code
ros_common,observer_data,reporting_country_code,character(3),YES,,refs_admin.countries.code
ros_common,observer_data,complete,boolean,YES,,
ros_common,observer_data,creation_time,timestamp(6) without time zone,YES,,
ros_common,observer_data,originator,character varying(255),YES,,
ros_common,observer_data,originator_version,character varying(255),YES,,
ros_common,observer_data,ros_codelists_version,character varying(255),YES,,
ros_common,observer_data,ros_model_version,character varying(255),YES,,
ros_common,observer_data,source,character varying(255),YES,,
ros_common,observer_data,status,character varying(255),YES,,
ros_common,observer_data,submission_time,timestamp(6) without time zone,NO,,
ros_common,observer_data,finalization_time,timestamp(6) without time zone,NO,,
ros_common,observer_data,submitter_id,integer,NO,,ros_meta.focal_point.contact_id
ros_common,trip,id,integer,YES,,
ros_common,trip,trip_original_id,character varying(255),YES,,
ros_common,trip,observer_data_id,integer,YES,,ros_common.observer_data.id
ros_common,trip,uid,character varying(255),YES,,
ros_common,trip_daily_activities,trip_id,integer,YES,,ros_common.trip.id
ros_common,trip_daily_activities,id,integer,YES,,
ros_common,trip_daily_activities,date,timestamp(3) without time zone,NO,,
ros_common,trip_daily_activity_details,id,integer,YES,,
ros_common,trip_daily_activity_details,comments,text,NO,,
ros_common,trip_daily_activity_details,time_of_day,timestamp(3) without time zone,NO,,
ros_common,trip_daily_activity_details,latitude,double precision,NO,,
ros_common,trip_daily_activity_details,longitude,double precision,NO,,
ros_common,trip_daily_activity_details,activity_code,character(2),NO,,refs_biology.bait_conditions.code
ros_common,trip_daily_activity_details,trip_daily_activity_id,integer,YES,,ros_common.trip_daily_activities.id
ros_common,trip_observer,trip_id,integer,YES,,ros_common.trip.id
ros_common,trip_observer,date_time_disembarkation,timestamp(6) without time zone,NO,,
ros_common,trip_observer,date_time_embarkation,timestamp(6) without time zone,NO,,
ros_common,trip_observer,observer_id,integer,YES,,ros_meta.observer.contact_id
ros_common,trip_observer,disembarkation_location_name,character varying(255),NO,,
ros_common,trip_observer,disembarkation_latitude,double precision,NO,,
ros_common,trip_observer,disembarkation_longitude,double precision,NO,,
ros_common,trip_observer,disembarkation_country_code,character(3),NO,,refs_admin.countries.code
ros_common,trip_observer,disembarkation_port_code,character varying(16),NO,,refs_admin.ports.code
ros_common,trip_observer,embarkation_location_name,character varying(255),NO,,
ros_common,trip_observer,embarkation_latitude,double precision,NO,,
ros_common,trip_observer,embarkation_longitude,double precision,NO,,
ros_common,trip_observer,embarkation_country_code,character(3),NO,,refs_admin.countries.code
ros_common,trip_observer,embarkation_port_code,character varying(16),NO,,refs_admin.ports.code
ros_common,trip_reasons_for_days_lost,id,integer,YES,,
ros_common,trip_reasons_for_days_lost,reason,text,NO,,
ros_common,trip_reasons_for_days_lost,inoperativity_reason,character varying(255),NO,,refs_fishery.reasons_days_lost.code
ros_common,trip_reasons_for_days_lost,trip_id,integer,YES,,ros_common.trip.id
ros_common,trip_vessel,trip_id,integer,YES,,ros_common.trip.id
ros_common,trip_vessel,number_of_active_fishing_days,integer,NO,,
ros_common,trip_vessel,number_of_conducted_fishing_events_with_observer_onboard,integer,NO,,
ros_common,trip_vessel,number_of_days_in_fishing_area,integer,NO,,
ros_common,trip_vessel,number_of_days_lost,integer,NO,,
ros_common,trip_vessel,number_of_days_searching,integer,NO,,
ros_common,trip_vessel,number_of_days_transiting,integer,NO,,
ros_common,trip_vessel,number_of_observed_fishing_events,integer,NO,,
ros_common,trip_vessel,hull_material_code,character(2),NO,,refs_fishery.hull_material_types.code
ros_common,trip_vessel,ais,boolean,NO,,
ros_common,trip_vessel,gps,boolean,NO,,
ros_common,trip_vessel,vms,boolean,NO,,
ros_common,trip_vessel,depth_sounder,boolean,NO,,
ros_common,trip_vessel,doppler_current_meter,boolean,NO,,
ros_common,trip_vessel,expendable_bathythermographs,boolean,NO,,
ros_common,trip_vessel,fisheries_information_services,boolean,NO,,
ros_common,trip_vessel,hf_radios,boolean,NO,,
ros_common,trip_vessel,radars,boolean,NO,,
ros_common,trip_vessel,satellite_communication_systems,boolean,NO,,
ros_common,trip_vessel,sonar,boolean,NO,,
ros_common,trip_vessel,track_plotter,boolean,NO,,
ros_common,trip_vessel,vhf_radios,boolean,NO,,
ros_common,trip_vessel,number_of_crew,integer,NO,,
ros_common,trip_vessel,return_timestamp,timestamp(6) without time zone,NO,,
ros_common,trip_vessel,departure_timestamp,timestamp(6) without time zone,NO,,
ros_common,trip_vessel,skipper_id,integer,NO,,ros_meta.contact.id
ros_common,trip_vessel,fishing_master_id,integer,NO,,ros_meta.contact.id
ros_common,trip_vessel,vessel_id,integer,NO,,ros_meta.vessel.id
ros_common,trip_vessel,fish_storage_capacity_value,double precision,NO,,
ros_common,trip_vessel,fish_storage_capacity_unit,character varying(3),NO,,
ros_common,trip_vessel,loa_value,double precision,NO,,
ros_common,trip_vessel,loa_unit,character varying(3),NO,,
ros_common,trip_vessel,departure_location_name,character varying(255),NO,,
ros_common,trip_vessel,departure_latitude,double precision,NO,,
ros_common,trip_vessel,departure_longitude,double precision,NO,,
ros_common,trip_vessel,departure_country_code,character(3),NO,,refs_admin.countries.code
ros_common,trip_vessel,departure_port_code,character varying(16),NO,,refs_admin.ports.code
ros_common,trip_vessel,return_location_name,character varying(255),NO,,
ros_common,trip_vessel,return_latitude,double precision,NO,,
ros_common,trip_vessel,return_longitude,double precision,NO,,
ros_common,trip_vessel,return_country_code,character(3),NO,,refs_admin.countries.code
ros_common,trip_vessel,return_port_code,character varying(16),NO,,refs_admin.ports.code
ros_common,trip_vessel,autonomy_range_value,double precision,NO,,
ros_common,trip_vessel,autonomy_range_unit,character varying(3),NO,,
ros_common,trip_vessel,tonnage_value,double precision,NO,,
ros_common,trip_vessel,tonnage_unit,character varying(3),NO,,
ros_common,trip_vessel_fish_preservation_method,trip_id,integer,YES,,ros_common.trip.id
ros_common,trip_vessel_fish_preservation_method,fish_preservation_method_code,character(2),YES,,refs_fishery.fish_preservation_methods.code
ros_common,trip_vessel_fish_storage_type,trip_id,integer,YES,,ros_common.trip.id
ros_common,trip_vessel_fish_storage_type,fish_storage_type_code,character(2),YES,,refs_fishery.fish_storage_types.code
ros_common,trip_vessel_main_engines,trip_id,integer,YES,,ros_common.trip.id
ros_common,trip_vessel_main_engines,main_engines_make,character varying(255),NO,,
ros_common,trip_vessel_main_engines,main_engines_value,double precision,YES,,
ros_common,trip_vessel_main_engines,main_engines_unit,character varying(3),YES,,
ros_common,trip_waste_managements,id,integer,YES,,
ros_common,trip_waste_managements,trip_id,integer,NO,,ros_common.trip.id
ros_common,trip_waste_managements,waste_storage_or_disposal_method_code,character(2),NO,,refs_fishery.waste_disposal_methods.code
ros_common,trip_waste_managements,waste_category_code,character(2),NO,,refs_fishery.waste_categories.code
ros_gn,additional_catch_details_on_ssi,id,integer,YES,,
ros_gn,additional_catch_details_on_ssi,brought_on_board,boolean,NO,,
ros_gn,additional_catch_details_on_ssi,photo_id,character varying(255),NO,,
ros_gn,additional_catch_details_on_ssi,revival,boolean,NO,,
ros_gn,additional_catch_details_on_ssi,gear_interaction_code,character(2),NO,,refs_biology.gear_interactions.code
ros_gn,additional_catch_details_on_ssi,handling_method_code,character(2),NO,,refs_biology.handling_methods.code
ros_gn,catch_details,id,integer,YES,,
ros_gn,catch_details,catch_detail_original_id,character varying(255),YES,,
ros_gn,catch_details,comments,text,NO,,
ros_gn,catch_details,estimated_catch_in_numbers,integer,NO,,
ros_gn,catch_details,fishing_event_id,integer,NO,,ros_gn.fishing_events.id
ros_gn,catch_details,type_of_fate_code,character(2),YES,,refs_biology.fates.type_of_fate_code
ros_gn,catch_details,estimated_weight_sampling_method_code,character(2),NO,,refs_biology.sampling_methods_for_catch_estimation.code
ros_gn,catch_details,fates_code,character(2),NO,,refs_biology.fates.code
ros_gn,catch_details,species_code,character varying(16),NO,,refs_biology.species.code
ros_gn,catch_details,estimated_weight_value,double precision,NO,,
ros_gn,catch_details,estimated_weight_unit,character varying(3),NO,,
ros_gn,catch_details,estimated_weight_type_of_measurement_code,character(2),NO,,
ros_gn,catch_details,estimated_weight_processing_type_code,character(2),NO,,
ros_gn,catch_details,estimated_weight_weight_estimation_method_code,character(2),NO,,
ros_gn,fishing_events,id,integer,YES,,
ros_gn,fishing_events,comments,text,NO,,
ros_gn,fishing_events,event_original_id,character varying(255),NO,,
ros_gn,fishing_events,hauling_operation_id,integer,NO,,ros_gn.hauling_operations.id
ros_gn,fishing_events,mitigation_measure_id,integer,NO,,ros_gn.mitigation_measures.id
ros_gn,fishing_events,setting_operation_id,integer,NO,,ros_gn.setting_operations.id
ros_gn,fishing_events,trip_id,integer,YES,,ros_common.trip.id
ros_gn,gear_specifications,id,integer,YES,,
ros_gn,gear_specifications,trip_id,integer,YES,,ros_common.trip.id
ros_gn,gear_specifications,net_drum_hauler,boolean,NO,,
ros_gn,gillnet_configuration,id,integer,YES,,
ros_gn,gillnet_configuration,droplines_used,boolean,NO,,
ros_gn,gillnet_configuration,gillnet_sequential_original_id,character varying(255),NO,,
ros_gn,gillnet_configuration,hanging_ratio,double precision,NO,,
ros_gn,gillnet_configuration,number_of_floats,integer,NO,,
ros_gn,gillnet_configuration,panels_stacked,boolean,NO,,
ros_gn,gillnet_configuration,total_number_of_panels,integer,NO,,
ros_gn,gillnet_configuration,vertical_mesh_count,integer,NO,,
ros_gn,gillnet_configuration,gillnet_configuration_id,integer,NO,,ros_gn.gear_specifications.id
ros_gn,gillnet_configuration,float_type_code,character(2),NO,,refs_fishery.float_types.code
ros_gn,gillnet_configuration,gillnet_material_type_code,character(2),NO,,refs_fishery.gillnet_material_types.code
ros_gn,gillnet_configuration,net_depth_value,double precision,NO,,
ros_gn,gillnet_configuration,net_depth_unit,character varying(3),NO,,
ros_gn,gillnet_configuration,distance_between_floats_value,double precision,NO,,
ros_gn,gillnet_configuration,distance_between_floats_unit,character varying(3),NO,,
ros_gn,gillnet_configuration,droplines_length_value,double precision,NO,,
ros_gn,gillnet_configuration,droplines_length_unit,character varying(3),NO,,
ros_gn,gillnet_configuration,net_length_value,double precision,NO,,
ros_gn,gillnet_configuration,net_length_unit,character varying(3),NO,,
ros_gn,gillnet_configuration_net_web_colours,gillnet_configuration_id_nwc,integer,YES,,ros_gn.gillnet_configuration.id
ros_gn,gillnet_configuration_net_web_colours,net_colour_code,character(2),YES,,refs_fishery.net_colours.code
ros_gn,gillnet_configuration_stretched_mesh_sizes,gillnet_configuration_id_sms,integer,YES,,ros_gn.gillnet_configuration.id
ros_gn,gillnet_configuration_stretched_mesh_sizes,stretched_mesh_size_value,double precision,YES,,
ros_gn,gillnet_configuration_stretched_mesh_sizes,stretched_mesh_size_unit,character varying(3),YES,,
ros_gn,hauling_operations,id,integer,YES,,
ros_gn,hauling_operations,end_hauling_date_and_time,timestamp(6) without time zone,NO,,
ros_gn,hauling_operations,number_of_net_panels_observed,integer,NO,,
ros_gn,hauling_operations,number_of_net_panels_retrieved,integer,NO,,
ros_gn,hauling_operations,start_hauling_date_and_time,timestamp(6) without time zone,NO,,
ros_gn,hauling_operations,end_hauling_latitude,double precision,NO,,
ros_gn,hauling_operations,end_hauling_longitude,double precision,NO,,
ros_gn,hauling_operations,start_hauling_latitude,double precision,NO,,
ros_gn,hauling_operations,start_hauling_longitude,double precision,NO,,
ros_gn,hauling_operations,net_condition_code,character(2),NO,,refs_fishery.net_conditions.code
ros_gn,hauling_operations,sampling_protocol_code,character(2),NO,,refs_biology.sampling_protocols.code
ros_gn,mitigation_measures,id,integer,YES,,
ros_gn,mitigation_measures,mitigation_measures,boolean,NO,,
ros_gn,mitigation_measures_mitigation_devices,mitigation_measure_id,integer,YES,,ros_gn.mitigation_measures.id
ros_gn,mitigation_measures_mitigation_devices,mitigation_device_code,character(2),YES,,refs_fishery.mitigation_devices.code
ros_gn,setting_operations,id,integer,YES,,
ros_gn,setting_operations,end_setting_date_and_time,timestamp(6) without time zone,NO,,
ros_gn,setting_operations,gillnet_sequential_original_id,integer,NO,,
ros_gn,setting_operations,start_setting_date_and_time,timestamp(6) without time zone,NO,,
ros_gn,setting_operations,vessel_speed,double precision,NO,,
ros_gn,setting_operations,end_setting_latitude,double precision,NO,,
ros_gn,setting_operations,end_setting_longitude,double precision,NO,,
ros_gn,setting_operations,start_setting_latitude,double precision,NO,,
ros_gn,setting_operations,start_setting_longitude,double precision,NO,,
ros_gn,setting_operations,net_configuration_code,character(2),NO,,refs_fishery.net_configurations.code
ros_gn,setting_operations,net_deploy_depth_code,character(2),NO,,refs_fishery.net_deploy_depths.code
ros_gn,setting_operations,net_setting_strategy_code,character(2),NO,,refs_fishery.net_setting_strategies.code
ros_gn,sinkers_by_type,id,integer,YES,,
ros_gn,sinkers_by_type,number,integer,NO,,
ros_gn,sinkers_by_type,gillnet_configuration_id,integer,NO,,ros_gn.gillnet_configuration.id
ros_gn,sinkers_by_type,sinker_material_type_code,character(2),NO,,refs_fishery.sinker_material_types.code
ros_gn,sinkers_by_type,average_sinker_weight_value,double precision,NO,,
ros_gn,sinkers_by_type,average_sinker_weight_unit,character varying(3),NO,,
ros_gn,specimens,id,integer,YES,,
ros_gn,specimens,specimen_original_id,character varying(255),YES,,
ros_gn,specimens,additional_catch_details_on_ssis_id,integer,NO,,ros_gn.additional_catch_details_on_ssi.id
ros_gn,specimens,additional_specimen_details_non_target_species_id,integer,NO,,ros_common.additional_details_on_non_target_species.id
ros_gn,specimens,biometric_information_id,integer,NO,,ros_common.biometric_information.id
ros_gn,specimens,depredation_detail_id,integer,NO,,ros_common.depredation_details.id
ros_gn,specimens,tag_detail_id,integer,NO,,ros_gn.tag_details.id
ros_gn,specimens,catch_detail_id,integer,NO,,ros_gn.catch_details.id
ros_gn,tag_details,id,integer,YES,,
ros_gn,tag_details,alternate_tag_original_id,character varying(255),NO,,
ros_gn,tag_details,tag_original_id,character varying(255),NO,,
ros_gn,tag_details,tag_recovery,boolean,NO,,
ros_gn,tag_details,tag_release,boolean,NO,,
ros_gn,tag_details,tag_type_code,character(2),NO,,refs_biology.tag_types.code
ros_gn,tag_details,tag_finder_id,integer,NO,,ros_meta.contact.id
